/*
 Navicat Premium Data Transfer

 Source Server         : local-mysql
 Source Server Type    : MySQL
 Source Server Version : 50713
 Source Host           : localhost
 Source Database       : payment_test

 Target Server Type    : MySQL
 Target Server Version : 50713
 File Encoding         : utf-8

 Date: 04/03/2018 17:16:35 PM
*/

SET NAMES utf8mb4;
SET FOREIGN_KEY_CHECKS = 0;

-- ----------------------------
--  Table structure for `account`
-- ----------------------------
DROP TABLE IF EXISTS `account`;
CREATE TABLE `account` (
  `id` varchar(255) COLLATE utf8_bin NOT NULL,
  `name` varchar(255) COLLATE utf8_bin NOT NULL,
  `department` varchar(255) COLLATE utf8_bin DEFAULT NULL,
  `title` varchar(255) COLLATE utf8_bin DEFAULT NULL,
  `mail` varchar(255) COLLATE utf8_bin DEFAULT NULL,
  `telephoneNumber` varchar(255) COLLATE utf8_bin DEFAULT NULL,
  `status` int(11) DEFAULT '1',
  `remark` varchar(255) COLLATE utf8_bin DEFAULT NULL,
  `createdAt` datetime NOT NULL,
  `updatedAt` datetime NOT NULL,
  `managerUsr` varchar(255) COLLATE utf8_bin DEFAULT NULL,
  `directorUsr` varchar(255) COLLATE utf8_bin DEFAULT NULL,
  `createdUsr` varchar(255) COLLATE utf8_bin DEFAULT NULL,
  `updatedUsr` varchar(255) COLLATE utf8_bin DEFAULT NULL,
  PRIMARY KEY (`id`),
  KEY `managerUsr` (`managerUsr`),
  KEY `directorUsr` (`directorUsr`),
  KEY `createdUsr` (`createdUsr`),
  KEY `updatedUsr` (`updatedUsr`),
  KEY `account_name` (`name`) USING BTREE,
  KEY `account_department` (`department`) USING BTREE,
  KEY `account_title` (`title`) USING BTREE,
  KEY `account_status` (`status`) USING BTREE,
  CONSTRAINT `account_ibfk_1` FOREIGN KEY (`managerUsr`) REFERENCES `account` (`id`) ON DELETE SET NULL ON UPDATE CASCADE,
  CONSTRAINT `account_ibfk_2` FOREIGN KEY (`directorUsr`) REFERENCES `account` (`id`) ON DELETE SET NULL ON UPDATE CASCADE,
  CONSTRAINT `account_ibfk_3` FOREIGN KEY (`createdUsr`) REFERENCES `account` (`id`) ON DELETE SET NULL ON UPDATE CASCADE,
  CONSTRAINT `account_ibfk_4` FOREIGN KEY (`updatedUsr`) REFERENCES `account` (`id`) ON DELETE SET NULL ON UPDATE CASCADE
) ENGINE=InnoDB DEFAULT CHARSET=utf8 COLLATE=utf8_bin;

-- ----------------------------
--  Records of `account`
-- ----------------------------
BEGIN;
INSERT INTO `account` VALUES ('A_GL', '总账', null, null, null, null, '1', null, '2018-04-02 08:54:54', '2018-04-02 08:54:54', null, null, null, null), ('A_InterCompany', '集团往来会计', null, null, null, null, '1', null, '2018-04-02 08:54:54', '2018-04-02 08:54:54', null, null, null, null), ('A_applicant', '申请人', null, null, null, null, '1', null, '2018-04-02 08:54:54', '2018-04-02 08:54:54', 'A_manager', 'A_manager_B', null, null), ('A_cashier', '出纳', null, null, null, null, '1', null, '2018-04-02 08:54:54', '2018-04-02 08:54:54', null, null, null, null), ('A_chief', '财务总监', null, null, null, null, '1', null, '2018-04-02 08:54:54', '2018-04-02 08:54:54', null, null, null, null), ('A_finance', '财务', null, null, null, null, '1', null, '2018-04-02 08:54:54', '2018-04-02 08:54:54', null, null, null, null), ('A_general', '普通员工', null, null, null, null, '1', null, '2018-04-02 08:54:54', '2018-04-02 08:54:54', null, null, null, null), ('A_hr', '人事', null, null, null, null, '1', null, '2018-04-02 08:54:54', '2018-04-02 08:54:54', null, null, null, null), ('A_maintainer', '维护人员', null, null, null, null, '1', null, '2018-04-02 08:54:54', '2018-04-02 08:54:54', null, null, null, null), ('A_manager', '主管', null, null, null, null, '1', null, '2018-04-02 08:54:54', '2018-04-02 08:54:54', null, null, null, null), ('A_manager_B', '另一个主管', null, null, null, null, '1', null, '2018-04-02 08:54:54', '2018-04-02 08:54:54', null, null, null, null), ('shscan', 'shscan', '财务部', null, null, '110', '1', null, '2018-04-02 08:54:45', '2018-04-02 08:54:45', 'shscan', 'shscan', null, null), ('superMan', '超人', '财务部', null, null, '110', '1', null, '2018-04-02 08:54:45', '2018-04-02 08:54:45', 'superMan', 'superMan', null, null);
COMMIT;

-- ----------------------------
--  Table structure for `accountrole`
-- ----------------------------
DROP TABLE IF EXISTS `accountrole`;
CREATE TABLE `accountrole` (
  `id` char(36) COLLATE utf8_bin NOT NULL,
  `status` int(11) DEFAULT '1',
  `createdAt` datetime NOT NULL,
  `updatedAt` datetime NOT NULL,
  `accountId` varchar(255) COLLATE utf8_bin NOT NULL,
  `roleId` varchar(255) COLLATE utf8_bin NOT NULL,
  PRIMARY KEY (`id`),
  KEY `accountId` (`accountId`),
  KEY `roleId` (`roleId`),
  CONSTRAINT `accountrole_ibfk_1` FOREIGN KEY (`accountId`) REFERENCES `account` (`id`) ON DELETE CASCADE ON UPDATE CASCADE,
  CONSTRAINT `accountrole_ibfk_2` FOREIGN KEY (`roleId`) REFERENCES `role` (`id`) ON DELETE CASCADE ON UPDATE CASCADE
) ENGINE=InnoDB DEFAULT CHARSET=utf8 COLLATE=utf8_bin;

-- ----------------------------
--  Records of `accountrole`
-- ----------------------------
BEGIN;
INSERT INTO `accountrole` VALUES ('7e00b080-3653-11e8-90d4-e92c88fcffa8', '1', '2018-04-02 08:54:45', '2018-04-02 08:54:45', 'superMan', 'admin'), ('7e00b081-3653-11e8-90d4-e92c88fcffa8', '1', '2018-04-02 08:54:45', '2018-04-02 08:54:45', 'shscan', 'admin'), ('83556f80-3653-11e8-90d4-e92c88fcffa8', '1', '2018-04-02 08:54:54', '2018-04-02 08:54:54', 'A_general', 'general'), ('83556f81-3653-11e8-90d4-e92c88fcffa8', '1', '2018-04-02 08:54:54', '2018-04-02 08:54:54', 'A_manager', 'manager'), ('83556f82-3653-11e8-90d4-e92c88fcffa8', '1', '2018-04-02 08:54:54', '2018-04-02 08:54:54', 'A_manager', 'general'), ('83556f83-3653-11e8-90d4-e92c88fcffa8', '1', '2018-04-02 08:54:54', '2018-04-02 08:54:54', 'A_cashier', 'cashier'), ('83556f84-3653-11e8-90d4-e92c88fcffa8', '1', '2018-04-02 08:54:54', '2018-04-02 08:54:54', 'A_cashier', 'general'), ('83556f85-3653-11e8-90d4-e92c88fcffa8', '1', '2018-04-02 08:54:54', '2018-04-02 08:54:54', 'A_GL', 'GL'), ('83556f86-3653-11e8-90d4-e92c88fcffa8', '1', '2018-04-02 08:54:54', '2018-04-02 08:54:54', 'A_GL', 'general'), ('83556f87-3653-11e8-90d4-e92c88fcffa8', '1', '2018-04-02 08:54:54', '2018-04-02 08:54:54', 'A_InterCompany', 'InterCompany'), ('83556f88-3653-11e8-90d4-e92c88fcffa8', '1', '2018-04-02 08:54:54', '2018-04-02 08:54:54', 'A_InterCompany', 'general'), ('83556f89-3653-11e8-90d4-e92c88fcffa8', '1', '2018-04-02 08:54:54', '2018-04-02 08:54:54', 'A_finance', 'finance'), ('83556f8a-3653-11e8-90d4-e92c88fcffa8', '1', '2018-04-02 08:54:54', '2018-04-02 08:54:54', 'A_finance', 'general'), ('83556f8b-3653-11e8-90d4-e92c88fcffa8', '1', '2018-04-02 08:54:54', '2018-04-02 08:54:54', 'A_chief', 'chief'), ('83559690-3653-11e8-90d4-e92c88fcffa8', '1', '2018-04-02 08:54:54', '2018-04-02 08:54:54', 'A_chief', 'general'), ('83559691-3653-11e8-90d4-e92c88fcffa8', '1', '2018-04-02 08:54:54', '2018-04-02 08:54:54', 'A_maintainer', 'maintainer'), ('83559692-3653-11e8-90d4-e92c88fcffa8', '1', '2018-04-02 08:54:54', '2018-04-02 08:54:54', 'A_maintainer', 'general'), ('83559693-3653-11e8-90d4-e92c88fcffa8', '1', '2018-04-02 08:54:54', '2018-04-02 08:54:54', 'A_hr', 'hr'), ('83559694-3653-11e8-90d4-e92c88fcffa8', '1', '2018-04-02 08:54:54', '2018-04-02 08:54:54', 'A_hr', 'general'), ('83559695-3653-11e8-90d4-e92c88fcffa8', '1', '2018-04-02 08:54:54', '2018-04-02 08:54:54', 'A_applicant', 'applicant'), ('83559696-3653-11e8-90d4-e92c88fcffa8', '1', '2018-04-02 08:54:54', '2018-04-02 08:54:54', 'A_applicant', 'general'), ('83559697-3653-11e8-90d4-e92c88fcffa8', '1', '2018-04-02 08:54:54', '2018-04-02 08:54:54', 'A_manager_B', 'manager'), ('83559698-3653-11e8-90d4-e92c88fcffa8', '1', '2018-04-02 08:54:54', '2018-04-02 08:54:54', 'A_manager_B', 'general');
COMMIT;

-- ----------------------------
--  Table structure for `applylog`
-- ----------------------------
DROP TABLE IF EXISTS `applylog`;
CREATE TABLE `applylog` (
  `id` char(36) COLLATE utf8_bin NOT NULL,
  `applyStatus` enum('toHandle','handled') COLLATE utf8_bin DEFAULT 'toHandle',
  `time` int(11) DEFAULT '1',
  `remark` varchar(255) COLLATE utf8_bin DEFAULT NULL,
  `status` int(11) DEFAULT '1',
  `createdAt` datetime NOT NULL,
  `updatedAt` datetime NOT NULL,
  `orderId` varchar(255) COLLATE utf8_bin NOT NULL,
  `operation` varchar(255) COLLATE utf8_bin DEFAULT NULL,
  `operator` varchar(255) COLLATE utf8_bin DEFAULT NULL,
  `toHandleUsr` varchar(255) COLLATE utf8_bin DEFAULT NULL,
  `toHandleRole` varchar(255) COLLATE utf8_bin DEFAULT NULL,
  `approType` varchar(255) COLLATE utf8_bin DEFAULT NULL,
  PRIMARY KEY (`id`),
  KEY `orderId` (`orderId`),
  KEY `operation` (`operation`),
  KEY `operator` (`operator`),
  KEY `toHandleUsr` (`toHandleUsr`),
  KEY `toHandleRole` (`toHandleRole`),
  KEY `approType` (`approType`),
  KEY `applylog_apply_status` (`applyStatus`) USING BTREE,
  KEY `applylog_status` (`status`) USING BTREE,
  CONSTRAINT `applylog_ibfk_1` FOREIGN KEY (`orderId`) REFERENCES `order` (`id`) ON DELETE NO ACTION ON UPDATE CASCADE,
  CONSTRAINT `applylog_ibfk_2` FOREIGN KEY (`operation`) REFERENCES `argdetail` (`id`) ON DELETE SET NULL ON UPDATE CASCADE,
  CONSTRAINT `applylog_ibfk_3` FOREIGN KEY (`operator`) REFERENCES `account` (`id`) ON DELETE SET NULL ON UPDATE CASCADE,
  CONSTRAINT `applylog_ibfk_4` FOREIGN KEY (`toHandleUsr`) REFERENCES `account` (`id`) ON DELETE SET NULL ON UPDATE CASCADE,
  CONSTRAINT `applylog_ibfk_5` FOREIGN KEY (`toHandleRole`) REFERENCES `role` (`id`) ON DELETE SET NULL ON UPDATE CASCADE,
  CONSTRAINT `applylog_ibfk_6` FOREIGN KEY (`approType`) REFERENCES `argdetail` (`id`) ON DELETE SET NULL ON UPDATE CASCADE
) ENGINE=InnoDB DEFAULT CHARSET=utf8 COLLATE=utf8_bin;

-- ----------------------------
--  Records of `applylog`
-- ----------------------------
BEGIN;
INSERT INTO `applylog` VALUES ('56dcc110-3658-11e8-afc4-df84eeb7c878', 'handled', '1', null, '1', '2018-04-02 09:29:27', '2018-04-02 09:29:30', 'PR201804002', 'create', 'superMan', 'superMan', null, 'byAccount'), ('588c45d0-3658-11e8-afc4-df84eeb7c878', 'toHandle', '1', null, '1', '2018-04-02 09:29:32', '2018-04-02 09:29:30', 'PR201804002', 'submit', 'superMan', 'superMan', null, 'byAccount'), ('e45e2240-3653-11e8-8ed9-7dc495729270', 'handled', '1', null, '1', '2018-04-02 08:57:37', '2018-04-02 08:57:37', 'PR201804001', 'create', 'superMan', 'superMan', null, 'byAccount'), ('e460ba50-3653-11e8-8ed9-7dc495729270', 'handled', '1', null, '1', '2018-04-02 08:57:39', '2018-04-02 08:57:42', 'PR201804001', 'submit', 'superMan', 'superMan', null, 'byAccount'), ('e7440420-3653-11e8-8ed9-7dc495729270', 'handled', '1', null, '1', '2018-04-02 08:57:42', '2018-04-02 08:57:46', 'PR201804001', 'managerAppro', 'superMan', null, 'cashier', 'byRole'), ('e9bd8fa0-3653-11e8-8ed9-7dc495729270', 'handled', '1', null, '1', '2018-04-02 08:57:46', '2018-04-02 08:57:50', 'PR201804001', 'cashierAppro', 'superMan', null, 'finance', 'byRole'), ('ebe52a90-3653-11e8-8ed9-7dc495729270', 'handled', '1', null, '1', '2018-04-02 08:57:50', '2018-04-02 08:57:53', 'PR201804001', 'financeAppro', 'superMan', null, 'chief', 'byRole'), ('edbfb6f0-3653-11e8-8ed9-7dc495729270', 'handled', '1', null, '1', '2018-04-02 08:57:53', '2018-04-02 08:57:56', 'PR201804001', 'chiefAppro', 'superMan', null, 'cashier', 'byRole'), ('ef62b890-3653-11e8-8ed9-7dc495729270', 'handled', '1', null, '1', '2018-04-02 08:57:56', '2018-04-02 08:58:07', 'PR201804001', 'cashierExport', 'superMan', null, 'cashier', 'byRole'), ('f5f43d50-3653-11e8-8ed9-7dc495729270', 'handled', '1', null, '1', '2018-04-02 08:58:07', '2018-04-02 08:58:07', 'PR201804001', 'cashierPaySucceed', 'superMan', null, null, 'byRole');
COMMIT;

-- ----------------------------
--  Table structure for `argdetail`
-- ----------------------------
DROP TABLE IF EXISTS `argdetail`;
CREATE TABLE `argdetail` (
  `id` varchar(255) COLLATE utf8_bin NOT NULL,
  `name` varchar(255) COLLATE utf8_bin DEFAULT NULL,
  `status` int(11) DEFAULT '1',
  `remark` varchar(255) COLLATE utf8_bin DEFAULT NULL,
  `createdAt` datetime NOT NULL,
  `updatedAt` datetime NOT NULL,
  `argmainId` varchar(255) COLLATE utf8_bin NOT NULL,
  `createdUsr` varchar(255) COLLATE utf8_bin DEFAULT NULL,
  `updatedUsr` varchar(255) COLLATE utf8_bin DEFAULT NULL,
  PRIMARY KEY (`id`),
  KEY `argmainId` (`argmainId`),
  KEY `createdUsr` (`createdUsr`),
  KEY `updatedUsr` (`updatedUsr`),
  KEY `argdetail_name` (`name`) USING BTREE,
  KEY `argdetail_status` (`status`) USING BTREE,
  CONSTRAINT `argdetail_ibfk_1` FOREIGN KEY (`argmainId`) REFERENCES `argmain` (`id`) ON DELETE NO ACTION ON UPDATE CASCADE,
  CONSTRAINT `argdetail_ibfk_2` FOREIGN KEY (`createdUsr`) REFERENCES `account` (`id`) ON DELETE SET NULL ON UPDATE CASCADE,
  CONSTRAINT `argdetail_ibfk_3` FOREIGN KEY (`updatedUsr`) REFERENCES `account` (`id`) ON DELETE SET NULL ON UPDATE CASCADE
) ENGINE=InnoDB DEFAULT CHARSET=utf8 COLLATE=utf8_bin;

-- ----------------------------
--  Records of `argdetail`
-- ----------------------------
BEGIN;
INSERT INTO `argdetail` VALUES ('CNY', '人民币', '1', null, '2018-04-02 08:54:59', '2018-04-02 08:54:59', 'currency', null, null), ('USD', '美元', '1', null, '2018-04-02 08:54:59', '2018-04-02 08:54:59', 'currency', null, null), ('abandon', '废弃', '1', null, '2018-04-02 08:54:59', '2018-04-02 08:54:59', 'operation', null, null), ('abandoned', '已废弃', '1', null, '2018-04-02 08:54:59', '2018-04-02 08:54:59', 'approStatus', null, null), ('applicantUpdate', '申请人修改订单信息', '1', null, '2018-04-02 08:54:59', '2018-04-02 08:54:59', 'operation', null, null), ('byAccount', '被用户审批', '1', null, '2018-04-02 08:54:59', '2018-04-02 08:54:59', 'approType', null, null), ('byRole', '被角色审批', '1', null, '2018-04-02 08:54:59', '2018-04-02 08:54:59', 'approType', null, null), ('cashierAppro', '出纳批准', '1', null, '2018-04-02 08:54:59', '2018-04-02 08:54:59', 'operation', null, null), ('cashierExport', '出纳导出', '1', null, '2018-04-02 08:54:59', '2018-04-02 08:54:59', 'operation', null, null), ('cashierExportAgain', '出纳再次导出', '1', null, '2018-04-02 08:54:59', '2018-04-02 08:54:59', 'operation', null, null), ('cashierPayFailed', '出纳付款失败', '1', null, '2018-04-02 08:54:59', '2018-04-02 08:54:59', 'operation', null, null), ('cashierPaySucceed', '出纳付款成功', '1', null, '2018-04-02 08:54:59', '2018-04-02 08:54:59', 'operation', null, null), ('cashierRefuse', '出纳拒绝', '1', null, '2018-04-02 08:54:59', '2018-04-02 08:54:59', 'operation', null, null), ('chiefAppro', '总监批准', '1', null, '2018-04-02 08:54:59', '2018-04-02 08:54:59', 'operation', null, null), ('chiefRefuse', '总监拒绝', '1', null, '2018-04-02 08:54:59', '2018-04-02 08:54:59', 'operation', null, null), ('create', '创建', '1', null, '2018-04-02 08:54:59', '2018-04-02 08:54:59', 'operation', null, null), ('employee', '员工类别', '1', null, '2018-04-02 08:54:59', '2018-04-02 08:54:59', 'category', null, null), ('financeAppro', '财务批准', '1', null, '2018-04-02 08:54:59', '2018-04-02 08:54:59', 'operation', null, null), ('financeRefuse', '财务拒绝', '1', null, '2018-04-02 08:54:59', '2018-04-02 08:54:59', 'operation', null, null), ('managerAppro', '主管批准', '1', null, '2018-04-02 08:54:59', '2018-04-02 08:54:59', 'operation', null, null), ('managerRefuse', '主管拒绝', '1', null, '2018-04-02 08:54:59', '2018-04-02 08:54:59', 'operation', null, null), ('operatingCost', '运营成本', '1', null, '2018-04-02 08:54:59', '2018-04-02 08:54:59', 'category', null, null), ('payFailed', '出纳付款失败，待出纳导出', '1', null, '2018-04-02 08:54:59', '2018-04-02 08:54:59', 'approStatus', null, null), ('paySucceed', '出纳付款成功', '1', null, '2018-04-02 08:54:59', '2018-04-02 08:54:59', 'approStatus', null, null), ('refusedByCashier', '出纳否决，待提交', '1', null, '2018-04-02 08:54:59', '2018-04-02 08:54:59', 'approStatus', null, null), ('refusedByChief', '财务总监否决，待提交', '1', null, '2018-04-02 08:54:59', '2018-04-02 08:54:59', 'approStatus', null, null), ('refusedByFinance', '财务否决，待提交', '1', null, '2018-04-02 08:54:59', '2018-04-02 08:54:59', 'approStatus', null, null), ('refusedByManager', '主管否决，待提交', '1', null, '2018-04-02 08:54:59', '2018-04-02 08:54:59', 'approStatus', null, null), ('reimuser', '报销人', '1', null, '2018-04-02 08:54:59', '2018-04-02 08:54:59', 'payeeType', null, null), ('submit', '提交', '1', null, '2018-04-02 08:54:59', '2018-04-02 08:54:59', 'operation', null, null), ('toApproByCashier', '主管已批准，待出纳审核', '1', null, '2018-04-02 08:54:59', '2018-04-02 08:54:59', 'approStatus', null, null), ('toApproByChief', '财务已审核，待财务总监审批', '1', null, '2018-04-02 08:54:59', '2018-04-02 08:54:59', 'approStatus', null, null), ('toApproByFinance', '出纳已审核，待财务审核', '1', null, '2018-04-02 08:54:59', '2018-04-02 08:54:59', 'approStatus', null, null), ('toApproByManager', '已提交，待主管审批', '1', null, '2018-04-02 08:54:59', '2018-04-02 08:54:59', 'approStatus', null, null), ('toExportByCashier', '财务总监已审批，待出纳导出', '1', null, '2018-04-02 08:54:59', '2018-04-02 08:54:59', 'approStatus', null, null), ('toPayByCashier', '出纳已导出，待出纳付款', '1', null, '2018-04-02 08:54:59', '2018-04-02 08:54:59', 'approStatus', null, null), ('toSubmit', '已创建，待提交', '1', null, '2018-04-02 08:54:59', '2018-04-02 08:54:59', 'approStatus', null, null), ('updatedByApplicant', '申请人已修改信息，待出纳导出', '1', null, '2018-04-02 08:54:59', '2018-04-02 08:54:59', 'approStatus', null, null), ('vendor', '供应商', '1', null, '2018-04-02 08:54:59', '2018-04-02 08:54:59', 'payeeType', null, null);
COMMIT;

-- ----------------------------
--  Table structure for `argmain`
-- ----------------------------
DROP TABLE IF EXISTS `argmain`;
CREATE TABLE `argmain` (
  `id` varchar(255) COLLATE utf8_bin NOT NULL,
  `name` varchar(255) COLLATE utf8_bin DEFAULT NULL,
  `editFlag` enum('y','n') COLLATE utf8_bin DEFAULT 'y',
  `status` int(11) DEFAULT '1',
  `remark` varchar(255) COLLATE utf8_bin DEFAULT NULL,
  `createdAt` datetime NOT NULL,
  `updatedAt` datetime NOT NULL,
  `createdUsr` varchar(255) COLLATE utf8_bin DEFAULT NULL,
  `updatedUsr` varchar(255) COLLATE utf8_bin DEFAULT NULL,
  PRIMARY KEY (`id`),
  KEY `createdUsr` (`createdUsr`),
  KEY `updatedUsr` (`updatedUsr`),
  KEY `argmain_name` (`name`) USING BTREE,
  KEY `argmain_edit_flag` (`editFlag`) USING BTREE,
  KEY `argmain_status` (`status`) USING BTREE,
  CONSTRAINT `argmain_ibfk_1` FOREIGN KEY (`createdUsr`) REFERENCES `account` (`id`) ON DELETE SET NULL ON UPDATE CASCADE,
  CONSTRAINT `argmain_ibfk_2` FOREIGN KEY (`updatedUsr`) REFERENCES `account` (`id`) ON DELETE SET NULL ON UPDATE CASCADE
) ENGINE=InnoDB DEFAULT CHARSET=utf8 COLLATE=utf8_bin;

-- ----------------------------
--  Records of `argmain`
-- ----------------------------
BEGIN;
INSERT INTO `argmain` VALUES ('approStatus', '当前审批状态', 'n', '1', null, '2018-04-02 08:54:59', '2018-04-02 08:54:59', null, null), ('approType', '申请单待操作角色类别', 'n', '1', null, '2018-04-02 08:54:59', '2018-04-02 08:54:59', null, null), ('category', '报销类型的类别', 'n', '1', null, '2018-04-02 08:54:59', '2018-04-02 08:54:59', null, null), ('currency', '货币', 'y', '1', null, '2018-04-02 08:54:59', '2018-04-02 08:54:59', null, null), ('operation', '对申请单的操作', 'n', '1', null, '2018-04-02 08:54:59', '2018-04-02 08:54:59', null, null), ('payeeType', '收款人类别', 'n', '1', null, '2018-04-02 08:54:59', '2018-04-02 08:54:59', null, null);
COMMIT;

-- ----------------------------
--  Table structure for `company`
-- ----------------------------
DROP TABLE IF EXISTS `company`;
CREATE TABLE `company` (
  `id` char(36) COLLATE utf8_bin NOT NULL,
  `name` varchar(255) COLLATE utf8_bin NOT NULL,
  `bankNum` varchar(255) COLLATE utf8_bin DEFAULT NULL,
  `telphone` varchar(255) COLLATE utf8_bin DEFAULT NULL,
  `logoPath` varchar(255) COLLATE utf8_bin DEFAULT NULL,
  `code` varchar(255) COLLATE utf8_bin NOT NULL,
  `status` int(11) DEFAULT '1',
  `remark` varchar(255) COLLATE utf8_bin DEFAULT NULL,
  `createdAt` datetime NOT NULL,
  `updatedAt` datetime NOT NULL,
  `createdUsr` varchar(255) COLLATE utf8_bin DEFAULT NULL,
  `updatedUsr` varchar(255) COLLATE utf8_bin DEFAULT NULL,
  PRIMARY KEY (`id`),
  UNIQUE KEY `name` (`name`),
  UNIQUE KEY `code` (`code`),
  UNIQUE KEY `company_name_unique` (`name`),
  UNIQUE KEY `company_code_unique` (`code`),
  KEY `createdUsr` (`createdUsr`),
  KEY `updatedUsr` (`updatedUsr`),
  KEY `company_name` (`name`) USING BTREE,
  KEY `company_status` (`status`) USING BTREE,
  CONSTRAINT `company_ibfk_1` FOREIGN KEY (`createdUsr`) REFERENCES `account` (`id`) ON DELETE SET NULL ON UPDATE CASCADE,
  CONSTRAINT `company_ibfk_2` FOREIGN KEY (`updatedUsr`) REFERENCES `account` (`id`) ON DELETE SET NULL ON UPDATE CASCADE
) ENGINE=InnoDB DEFAULT CHARSET=utf8 COLLATE=utf8_bin;

-- ----------------------------
--  Records of `company`
-- ----------------------------
BEGIN;
INSERT INTO `company` VALUES ('12387241-06da-11e7-b23d-513f39f5849c', 'GTB CHINA', null, null, 'upload/20171213/93038f90-e002-11e7-ab0b-4501edb52f27.png', 'GC', '1', null, '2018-04-02 08:54:59', '2018-04-02 08:54:59', null, null), ('24787240-06da-11e7-b23d-513f39f5849c', 'GTB AP CENTRAL', null, null, 'upload/20170327/logo1.png', 'BH', '1', null, '2018-04-02 08:54:59', '2018-04-02 08:54:59', null, null), ('24787241-06da-11e7-b23d-513f39f5849c', 'Prism', null, null, 'upload/20170327/logo2.png', 'PR', '1', null, '2018-04-02 08:54:59', '2018-04-02 08:54:59', null, null);
COMMIT;

-- ----------------------------
--  Table structure for `grant`
-- ----------------------------
DROP TABLE IF EXISTS `grant`;
CREATE TABLE `grant` (
  `id` char(36) COLLATE utf8_bin NOT NULL,
  `status` int(11) DEFAULT '1',
  `createdAt` datetime NOT NULL,
  `updatedAt` datetime NOT NULL,
  `roleId` varchar(255) COLLATE utf8_bin NOT NULL,
  `targetroleId` varchar(255) COLLATE utf8_bin DEFAULT NULL,
  `targetpermissionId` varchar(255) COLLATE utf8_bin DEFAULT NULL,
  PRIMARY KEY (`id`),
  KEY `roleId` (`roleId`),
  KEY `targetroleId` (`targetroleId`),
  KEY `targetpermissionId` (`targetpermissionId`),
  CONSTRAINT `grant_ibfk_1` FOREIGN KEY (`roleId`) REFERENCES `role` (`id`) ON DELETE NO ACTION ON UPDATE CASCADE,
  CONSTRAINT `grant_ibfk_2` FOREIGN KEY (`targetroleId`) REFERENCES `role` (`id`) ON DELETE SET NULL ON UPDATE CASCADE,
  CONSTRAINT `grant_ibfk_3` FOREIGN KEY (`targetpermissionId`) REFERENCES `permission` (`id`) ON DELETE SET NULL ON UPDATE CASCADE
) ENGINE=InnoDB DEFAULT CHARSET=utf8 COLLATE=utf8_bin;

-- ----------------------------
--  Records of `grant`
-- ----------------------------
BEGIN;
INSERT INTO `grant` VALUES ('80f81e90-3653-11e8-90d4-e92c88fcffa8', '1', '2018-04-02 08:54:50', '2018-04-02 08:54:50', 'admin', null, 'getlist_account'), ('80f893c0-3653-11e8-90d4-e92c88fcffa8', '1', '2018-04-02 08:54:50', '2018-04-02 08:54:50', 'admin', null, 'new_account'), ('80f908f0-3653-11e8-90d4-e92c88fcffa8', '1', '2018-04-02 08:54:50', '2018-04-02 08:54:50', 'admin', null, 'get_account'), ('80f97e20-3653-11e8-90d4-e92c88fcffa8', '1', '2018-04-02 08:54:50', '2018-04-02 08:54:50', 'admin', null, 'delete_account'), ('80f9f350-3653-11e8-90d4-e92c88fcffa8', '1', '2018-04-02 08:54:50', '2018-04-02 08:54:50', 'admin', null, 'update_account'), ('80fa4170-3653-11e8-90d4-e92c88fcffa8', '1', '2018-04-02 08:54:50', '2018-04-02 08:54:50', 'admin', null, 'getlist_signature'), ('80fab6a0-3653-11e8-90d4-e92c88fcffa8', '1', '2018-04-02 08:54:50', '2018-04-02 08:54:50', 'admin', null, 'new_signature'), ('80fb04c0-3653-11e8-90d4-e92c88fcffa8', '1', '2018-04-02 08:54:50', '2018-04-02 08:54:50', 'admin', null, 'get_signature'), ('80fb79f0-3653-11e8-90d4-e92c88fcffa8', '1', '2018-04-02 08:54:50', '2018-04-02 08:54:50', 'admin', null, 'delete_signature'), ('80fc1630-3653-11e8-90d4-e92c88fcffa8', '1', '2018-04-02 08:54:50', '2018-04-02 08:54:50', 'admin', null, 'update_signature'), ('80fc6450-3653-11e8-90d4-e92c88fcffa8', '1', '2018-04-02 08:54:50', '2018-04-02 08:54:50', 'admin', null, 'getlist_role'), ('80fd0090-3653-11e8-90d4-e92c88fcffa8', '1', '2018-04-02 08:54:50', '2018-04-02 08:54:50', 'admin', null, 'new_role'), ('80fd4eb0-3653-11e8-90d4-e92c88fcffa8', '1', '2018-04-02 08:54:50', '2018-04-02 08:54:50', 'admin', null, 'get_role'), ('80fd9cd0-3653-11e8-90d4-e92c88fcffa8', '1', '2018-04-02 08:54:50', '2018-04-02 08:54:50', 'admin', null, 'delete_role'), ('80fe1200-3653-11e8-90d4-e92c88fcffa8', '1', '2018-04-02 08:54:50', '2018-04-02 08:54:50', 'admin', null, 'update_role'), ('80fe6020-3653-11e8-90d4-e92c88fcffa8', '1', '2018-04-02 08:54:50', '2018-04-02 08:54:50', 'admin', null, 'getlist_accountrole'), ('80ff2370-3653-11e8-90d4-e92c88fcffa8', '1', '2018-04-02 08:54:50', '2018-04-02 08:54:50', 'admin', null, 'new_accountrole'), ('80ffbfb0-3653-11e8-90d4-e92c88fcffa8', '1', '2018-04-02 08:54:50', '2018-04-02 08:54:50', 'admin', null, 'get_accountrole'), ('810034e0-3653-11e8-90d4-e92c88fcffa8', '1', '2018-04-02 08:54:50', '2018-04-02 08:54:50', 'admin', null, 'delete_accountrole'), ('81008300-3653-11e8-90d4-e92c88fcffa8', '1', '2018-04-02 08:54:50', '2018-04-02 08:54:50', 'admin', null, 'update_accountrole'), ('8100d120-3653-11e8-90d4-e92c88fcffa8', '1', '2018-04-02 08:54:50', '2018-04-02 08:54:50', 'admin', null, 'getlist_permission'), ('81014650-3653-11e8-90d4-e92c88fcffa8', '1', '2018-04-02 08:54:50', '2018-04-02 08:54:50', 'admin', null, 'new_permission'), ('8101bb80-3653-11e8-90d4-e92c88fcffa8', '1', '2018-04-02 08:54:50', '2018-04-02 08:54:50', 'admin', null, 'get_permission'), ('810209a0-3653-11e8-90d4-e92c88fcffa8', '1', '2018-04-02 08:54:50', '2018-04-02 08:54:50', 'admin', null, 'delete_permission'), ('810257c0-3653-11e8-90d4-e92c88fcffa8', '1', '2018-04-02 08:54:50', '2018-04-02 08:54:50', 'admin', null, 'update_permission'), ('8102ccf0-3653-11e8-90d4-e92c88fcffa8', '1', '2018-04-02 08:54:50', '2018-04-02 08:54:50', 'admin', null, 'getlist_grant'), ('81031b10-3653-11e8-90d4-e92c88fcffa8', '1', '2018-04-02 08:54:50', '2018-04-02 08:54:50', 'admin', null, 'new_grant'), ('81036930-3653-11e8-90d4-e92c88fcffa8', '1', '2018-04-02 08:54:50', '2018-04-02 08:54:50', 'admin', null, 'get_grant'), ('8103b750-3653-11e8-90d4-e92c88fcffa8', '1', '2018-04-02 08:54:50', '2018-04-02 08:54:50', 'admin', null, 'delete_grant'), ('81042c80-3653-11e8-90d4-e92c88fcffa8', '1', '2018-04-02 08:54:50', '2018-04-02 08:54:50', 'admin', null, 'update_grant'), ('81047aa0-3653-11e8-90d4-e92c88fcffa8', '1', '2018-04-02 08:54:50', '2018-04-02 08:54:50', 'admin', null, 'getlist_applylog'), ('8104c8c0-3653-11e8-90d4-e92c88fcffa8', '1', '2018-04-02 08:54:50', '2018-04-02 08:54:50', 'admin', null, 'new_applylog'), ('81053df0-3653-11e8-90d4-e92c88fcffa8', '1', '2018-04-02 08:54:50', '2018-04-02 08:54:50', 'admin', null, 'get_applylog'), ('81058c10-3653-11e8-90d4-e92c88fcffa8', '1', '2018-04-02 08:54:50', '2018-04-02 08:54:50', 'admin', null, 'delete_applylog'), ('81060140-3653-11e8-90d4-e92c88fcffa8', '1', '2018-04-02 08:54:50', '2018-04-02 08:54:50', 'admin', null, 'update_applylog'), ('81064f60-3653-11e8-90d4-e92c88fcffa8', '1', '2018-04-02 08:54:50', '2018-04-02 08:54:50', 'admin', null, 'getlist_order'), ('81069d80-3653-11e8-90d4-e92c88fcffa8', '1', '2018-04-02 08:54:50', '2018-04-02 08:54:50', 'admin', null, 'new_order'), ('810712b0-3653-11e8-90d4-e92c88fcffa8', '1', '2018-04-02 08:54:50', '2018-04-02 08:54:50', 'admin', null, 'get_order'), ('810760d0-3653-11e8-90d4-e92c88fcffa8', '1', '2018-04-02 08:54:50', '2018-04-02 08:54:50', 'admin', null, 'delete_order'), ('8107d600-3653-11e8-90d4-e92c88fcffa8', '1', '2018-04-02 08:54:50', '2018-04-02 08:54:50', 'admin', null, 'update_order'), ('81084b30-3653-11e8-90d4-e92c88fcffa8', '1', '2018-04-02 08:54:50', '2018-04-02 08:54:50', 'admin', null, 'print_order'), ('8108c060-3653-11e8-90d4-e92c88fcffa8', '1', '2018-04-02 08:54:50', '2018-04-02 08:54:50', 'admin', null, 'get_paidNo'), ('81093590-3653-11e8-90d4-e92c88fcffa8', '1', '2018-04-02 08:54:50', '2018-04-02 08:54:50', 'admin', null, 'update_cashierOrder'), ('810983b0-3653-11e8-90d4-e92c88fcffa8', '1', '2018-04-02 08:54:50', '2018-04-02 08:54:50', 'admin', null, 'update_orderInvoice'), ('8109f8e0-3653-11e8-90d4-e92c88fcffa8', '1', '2018-04-02 08:54:50', '2018-04-02 08:54:50', 'admin', null, 'print_voucher'), ('810ae340-3653-11e8-90d4-e92c88fcffa8', '1', '2018-04-02 08:54:50', '2018-04-02 08:54:50', 'admin', null, 'download_voucher'), ('810b3160-3653-11e8-90d4-e92c88fcffa8', '1', '2018-04-02 08:54:50', '2018-04-02 08:54:50', 'admin', null, 'receive_printedOrder'), ('810b7f80-3653-11e8-90d4-e92c88fcffa8', '1', '2018-04-02 08:54:51', '2018-04-02 08:54:51', 'admin', null, 'update_cashierUpdateAmount'), ('810bcda0-3653-11e8-90d4-e92c88fcffa8', '1', '2018-04-02 08:54:51', '2018-04-02 08:54:51', 'admin', null, 'submit_order'), ('810c42d0-3653-11e8-90d4-e92c88fcffa8', '1', '2018-04-02 08:54:51', '2018-04-02 08:54:51', 'admin', null, 'backout_order'), ('810c90f0-3653-11e8-90d4-e92c88fcffa8', '1', '2018-04-02 08:54:51', '2018-04-02 08:54:51', 'admin', null, 'managerAppro_order'), ('810cdf10-3653-11e8-90d4-e92c88fcffa8', '1', '2018-04-02 08:54:51', '2018-04-02 08:54:51', 'admin', null, 'managerRefuse_order'), ('810d2d30-3653-11e8-90d4-e92c88fcffa8', '1', '2018-04-02 08:54:51', '2018-04-02 08:54:51', 'admin', null, 'cashierAppro_order'), ('810d7b50-3653-11e8-90d4-e92c88fcffa8', '1', '2018-04-02 08:54:51', '2018-04-02 08:54:51', 'admin', null, 'cashierRefuse_order'), ('810df080-3653-11e8-90d4-e92c88fcffa8', '1', '2018-04-02 08:54:51', '2018-04-02 08:54:51', 'admin', null, 'financeAppro_order'), ('810e3ea0-3653-11e8-90d4-e92c88fcffa8', '1', '2018-04-02 08:54:51', '2018-04-02 08:54:51', 'admin', null, 'financeRefuse_order'), ('810eb3d0-3653-11e8-90d4-e92c88fcffa8', '1', '2018-04-02 08:54:51', '2018-04-02 08:54:51', 'admin', null, 'chiefAppro_order'), ('810f01f0-3653-11e8-90d4-e92c88fcffa8', '1', '2018-04-02 08:54:51', '2018-04-02 08:54:51', 'admin', null, 'chiefRefuse_order'), ('810f9e30-3653-11e8-90d4-e92c88fcffa8', '1', '2018-04-02 08:54:51', '2018-04-02 08:54:51', 'admin', null, 'cashierExport_order'), ('810fec50-3653-11e8-90d4-e92c88fcffa8', '1', '2018-04-02 08:54:51', '2018-04-02 08:54:51', 'admin', null, 'cashierPaySucceed_order'), ('81106180-3653-11e8-90d4-e92c88fcffa8', '1', '2018-04-02 08:54:51', '2018-04-02 08:54:51', 'admin', null, 'cashierPayFailed_order'), ('8110afa0-3653-11e8-90d4-e92c88fcffa8', '1', '2018-04-02 08:54:51', '2018-04-02 08:54:51', 'admin', null, 'applicantUpdate_order'), ('811124d0-3653-11e8-90d4-e92c88fcffa8', '1', '2018-04-02 08:54:51', '2018-04-02 08:54:51', 'admin', null, 'abandon_order'), ('81119a00-3653-11e8-90d4-e92c88fcffa8', '1', '2018-04-02 08:54:51', '2018-04-02 08:54:51', 'admin', null, 'update_receiveOrderStatus'), ('8111e820-3653-11e8-90d4-e92c88fcffa8', '1', '2018-04-02 08:54:51', '2018-04-02 08:54:51', 'admin', null, 'getlist_paytype'), ('81123640-3653-11e8-90d4-e92c88fcffa8', '1', '2018-04-02 08:54:51', '2018-04-02 08:54:51', 'admin', null, 'new_paytype'), ('81128460-3653-11e8-90d4-e92c88fcffa8', '1', '2018-04-02 08:54:51', '2018-04-02 08:54:51', 'admin', null, 'get_paytype'), ('8112f990-3653-11e8-90d4-e92c88fcffa8', '1', '2018-04-02 08:54:51', '2018-04-02 08:54:51', 'admin', null, 'delete_paytype'), ('811347b0-3653-11e8-90d4-e92c88fcffa8', '1', '2018-04-02 08:54:51', '2018-04-02 08:54:51', 'admin', null, 'update_paytype'), ('811395d0-3653-11e8-90d4-e92c88fcffa8', '1', '2018-04-02 08:54:51', '2018-04-02 08:54:51', 'admin', null, 'getlist_ordersubject'), ('81140b00-3653-11e8-90d4-e92c88fcffa8', '1', '2018-04-02 08:54:51', '2018-04-02 08:54:51', 'admin', null, 'new_ordersubject'), ('81145920-3653-11e8-90d4-e92c88fcffa8', '1', '2018-04-02 08:54:51', '2018-04-02 08:54:51', 'admin', null, 'get_ordersubject'), ('8114ce50-3653-11e8-90d4-e92c88fcffa8', '1', '2018-04-02 08:54:51', '2018-04-02 08:54:51', 'admin', null, 'delete_ordersubject'), ('81156a90-3653-11e8-90d4-e92c88fcffa8', '1', '2018-04-02 08:54:51', '2018-04-02 08:54:51', 'admin', null, 'update_ordersubject'), ('8115dfc0-3653-11e8-90d4-e92c88fcffa8', '1', '2018-04-02 08:54:51', '2018-04-02 08:54:51', 'admin', null, 'getlist_subject'), ('81167c00-3653-11e8-90d4-e92c88fcffa8', '1', '2018-04-02 08:54:51', '2018-04-02 08:54:51', 'admin', null, 'new_subject'), ('8116f130-3653-11e8-90d4-e92c88fcffa8', '1', '2018-04-02 08:54:51', '2018-04-02 08:54:51', 'admin', null, 'get_subject'), ('81176660-3653-11e8-90d4-e92c88fcffa8', '1', '2018-04-02 08:54:51', '2018-04-02 08:54:51', 'admin', null, 'delete_subject'), ('811802a0-3653-11e8-90d4-e92c88fcffa8', '1', '2018-04-02 08:54:51', '2018-04-02 08:54:51', 'admin', null, 'update_subject'), ('81198940-3653-11e8-90d4-e92c88fcffa8', '1', '2018-04-02 08:54:51', '2018-04-02 08:54:51', 'admin', null, 'getlist_argmain'), ('811a2580-3653-11e8-90d4-e92c88fcffa8', '1', '2018-04-02 08:54:51', '2018-04-02 08:54:51', 'admin', null, 'new_argmain'), ('811a73a0-3653-11e8-90d4-e92c88fcffa8', '1', '2018-04-02 08:54:51', '2018-04-02 08:54:51', 'admin', null, 'get_argmain'), ('811cbd90-3653-11e8-90d4-e92c88fcffa8', '1', '2018-04-02 08:54:51', '2018-04-02 08:54:51', 'admin', null, 'delete_argmain'), ('811d32c0-3653-11e8-90d4-e92c88fcffa8', '1', '2018-04-02 08:54:51', '2018-04-02 08:54:51', 'admin', null, 'update_argmain'), ('811dcf00-3653-11e8-90d4-e92c88fcffa8', '1', '2018-04-02 08:54:51', '2018-04-02 08:54:51', 'admin', null, 'getlist_argdetail'), ('811f55a0-3653-11e8-90d4-e92c88fcffa8', '1', '2018-04-02 08:54:51', '2018-04-02 08:54:51', 'admin', null, 'new_argdetail'), ('811ff1e0-3653-11e8-90d4-e92c88fcffa8', '1', '2018-04-02 08:54:51', '2018-04-02 08:54:51', 'admin', null, 'get_argdetail'), ('81204000-3653-11e8-90d4-e92c88fcffa8', '1', '2018-04-02 08:54:51', '2018-04-02 08:54:51', 'admin', null, 'delete_argdetail'), ('8120b530-3653-11e8-90d4-e92c88fcffa8', '1', '2018-04-02 08:54:51', '2018-04-02 08:54:51', 'admin', null, 'update_argdetail'), ('81210350-3653-11e8-90d4-e92c88fcffa8', '1', '2018-04-02 08:54:51', '2018-04-02 08:54:51', 'admin', null, 'getlist_company'), ('8121edb0-3653-11e8-90d4-e92c88fcffa8', '1', '2018-04-02 08:54:51', '2018-04-02 08:54:51', 'admin', null, 'new_company'), ('8123c270-3653-11e8-90d4-e92c88fcffa8', '1', '2018-04-02 08:54:51', '2018-04-02 08:54:51', 'admin', null, 'get_company'), ('812437a0-3653-11e8-90d4-e92c88fcffa8', '1', '2018-04-02 08:54:51', '2018-04-02 08:54:51', 'admin', null, 'delete_company'), ('81260c60-3653-11e8-90d4-e92c88fcffa8', '1', '2018-04-02 08:54:51', '2018-04-02 08:54:51', 'admin', null, 'update_company'), ('812744e0-3653-11e8-90d4-e92c88fcffa8', '1', '2018-04-02 08:54:51', '2018-04-02 08:54:51', 'admin', null, 'getlist_vendor'), ('81282f40-3653-11e8-90d4-e92c88fcffa8', '1', '2018-04-02 08:54:51', '2018-04-02 08:54:51', 'admin', null, 'new_vendor'), ('812940b0-3653-11e8-90d4-e92c88fcffa8', '1', '2018-04-02 08:54:51', '2018-04-02 08:54:51', 'admin', null, 'get_vendor'), ('812a5220-3653-11e8-90d4-e92c88fcffa8', '1', '2018-04-02 08:54:51', '2018-04-02 08:54:51', 'admin', null, 'delete_vendor'), ('812ac750-3653-11e8-90d4-e92c88fcffa8', '1', '2018-04-02 08:54:51', '2018-04-02 08:54:51', 'admin', null, 'update_vendor'), ('812b3c80-3653-11e8-90d4-e92c88fcffa8', '1', '2018-04-02 08:54:51', '2018-04-02 08:54:51', 'admin', null, 'getlist_reimuser'), ('812b8aa0-3653-11e8-90d4-e92c88fcffa8', '1', '2018-04-02 08:54:51', '2018-04-02 08:54:51', 'admin', null, 'new_reimuser'), ('812bd8c0-3653-11e8-90d4-e92c88fcffa8', '1', '2018-04-02 08:54:51', '2018-04-02 08:54:51', 'admin', null, 'get_reimuser'), ('812c4df0-3653-11e8-90d4-e92c88fcffa8', '1', '2018-04-02 08:54:51', '2018-04-02 08:54:51', 'admin', null, 'delete_reimuser'), ('812cc320-3653-11e8-90d4-e92c88fcffa8', '1', '2018-04-02 08:54:51', '2018-04-02 08:54:51', 'admin', null, 'update_reimuser'), ('812d3850-3653-11e8-90d4-e92c88fcffa8', '1', '2018-04-02 08:54:51', '2018-04-02 08:54:51', 'admin', null, 'getlist_reimuserdetail'), ('812d8670-3653-11e8-90d4-e92c88fcffa8', '1', '2018-04-02 08:54:51', '2018-04-02 08:54:51', 'admin', null, 'new_reimuserdetail'), ('812dd490-3653-11e8-90d4-e92c88fcffa8', '1', '2018-04-02 08:54:51', '2018-04-02 08:54:51', 'admin', null, 'get_reimuserdetail'), ('812e97e0-3653-11e8-90d4-e92c88fcffa8', '1', '2018-04-02 08:54:51', '2018-04-02 08:54:51', 'admin', null, 'delete_reimuserdetail'), ('812f5b30-3653-11e8-90d4-e92c88fcffa8', '1', '2018-04-02 08:54:51', '2018-04-02 08:54:51', 'admin', null, 'update_reimuserdetail'), ('812fd060-3653-11e8-90d4-e92c88fcffa8', '1', '2018-04-02 08:54:51', '2018-04-02 08:54:51', 'admin', null, 'getlist_ldap'), ('81304590-3653-11e8-90d4-e92c88fcffa8', '1', '2018-04-02 08:54:51', '2018-04-02 08:54:51', 'admin', null, 'getlist_department'), ('835129c0-3653-11e8-90d4-e92c88fcffa8', '1', '2018-04-02 08:54:54', '2018-04-02 08:54:54', 'general', null, 'getlist_order'), ('835129c1-3653-11e8-90d4-e92c88fcffa8', '1', '2018-04-02 08:54:54', '2018-04-02 08:54:54', 'general', null, 'get_order'), ('835129c2-3653-11e8-90d4-e92c88fcffa8', '1', '2018-04-02 08:54:54', '2018-04-02 08:54:54', 'general', null, 'getlist_applylog'), ('835129c3-3653-11e8-90d4-e92c88fcffa8', '1', '2018-04-02 08:54:54', '2018-04-02 08:54:54', 'general', null, 'get_paidNo'), ('835129c4-3653-11e8-90d4-e92c88fcffa8', '1', '2018-04-02 08:54:54', '2018-04-02 08:54:54', 'general', null, 'getlist_ordersubject'), ('835129c5-3653-11e8-90d4-e92c88fcffa8', '1', '2018-04-02 08:54:54', '2018-04-02 08:54:54', 'general', null, 'get_ordersubject'), ('835129c6-3653-11e8-90d4-e92c88fcffa8', '1', '2018-04-02 08:54:54', '2018-04-02 08:54:54', 'general', null, 'print_order'), ('835129c7-3653-11e8-90d4-e92c88fcffa8', '1', '2018-04-02 08:54:54', '2018-04-02 08:54:54', 'general', null, 'getlist_subject'), ('835129c8-3653-11e8-90d4-e92c88fcffa8', '1', '2018-04-02 08:54:54', '2018-04-02 08:54:54', 'general', null, 'getlist_paytype'), ('835129c9-3653-11e8-90d4-e92c88fcffa8', '1', '2018-04-02 08:54:54', '2018-04-02 08:54:54', 'general', null, 'get_paytype'), ('835129ca-3653-11e8-90d4-e92c88fcffa8', '1', '2018-04-02 08:54:54', '2018-04-02 08:54:54', 'general', null, 'get_subject'), ('835129cb-3653-11e8-90d4-e92c88fcffa8', '1', '2018-04-02 08:54:54', '2018-04-02 08:54:54', 'general', null, 'getlist_company'), ('835129cc-3653-11e8-90d4-e92c88fcffa8', '1', '2018-04-02 08:54:54', '2018-04-02 08:54:54', 'general', null, 'get_company'), ('835129cd-3653-11e8-90d4-e92c88fcffa8', '1', '2018-04-02 08:54:54', '2018-04-02 08:54:54', 'general', null, 'getlist_vendor'), ('835129ce-3653-11e8-90d4-e92c88fcffa8', '1', '2018-04-02 08:54:54', '2018-04-02 08:54:54', 'general', null, 'get_vendor'), ('835129cf-3653-11e8-90d4-e92c88fcffa8', '1', '2018-04-02 08:54:54', '2018-04-02 08:54:54', 'general', null, 'getlist_reimuser'), ('835129d0-3653-11e8-90d4-e92c88fcffa8', '1', '2018-04-02 08:54:54', '2018-04-02 08:54:54', 'general', null, 'get_reimuser'), ('835129d1-3653-11e8-90d4-e92c88fcffa8', '1', '2018-04-02 08:54:54', '2018-04-02 08:54:54', 'general', null, 'getlist_reimuserdetail'), ('835129d2-3653-11e8-90d4-e92c88fcffa8', '1', '2018-04-02 08:54:54', '2018-04-02 08:54:54', 'general', null, 'get_reimuserdetail'), ('835129d3-3653-11e8-90d4-e92c88fcffa8', '1', '2018-04-02 08:54:54', '2018-04-02 08:54:54', 'general', null, 'getlist_account'), ('835129d4-3653-11e8-90d4-e92c88fcffa8', '1', '2018-04-02 08:54:54', '2018-04-02 08:54:54', 'general', null, 'get_account'), ('835129d5-3653-11e8-90d4-e92c88fcffa8', '1', '2018-04-02 08:54:54', '2018-04-02 08:54:54', 'general', null, 'getlist_ldap'), ('835129d6-3653-11e8-90d4-e92c88fcffa8', '1', '2018-04-02 08:54:54', '2018-04-02 08:54:54', 'general', null, 'getlist_department'), ('835129d7-3653-11e8-90d4-e92c88fcffa8', '1', '2018-04-02 08:54:54', '2018-04-02 08:54:54', 'manager', null, 'managerAppro_order'), ('835129d8-3653-11e8-90d4-e92c88fcffa8', '1', '2018-04-02 08:54:54', '2018-04-02 08:54:54', 'manager', null, 'managerRefuse_order'), ('835129d9-3653-11e8-90d4-e92c88fcffa8', '1', '2018-04-02 08:54:54', '2018-04-02 08:54:54', 'cashier', null, 'cashierAppro_order'), ('835129da-3653-11e8-90d4-e92c88fcffa8', '1', '2018-04-02 08:54:54', '2018-04-02 08:54:54', 'cashier', null, 'cashierRefuse_order'), ('835129db-3653-11e8-90d4-e92c88fcffa8', '1', '2018-04-02 08:54:54', '2018-04-02 08:54:54', 'cashier', null, 'cashierExport_order'), ('835129dc-3653-11e8-90d4-e92c88fcffa8', '1', '2018-04-02 08:54:54', '2018-04-02 08:54:54', 'cashier', null, 'cashierPaySucceed_order'), ('835129dd-3653-11e8-90d4-e92c88fcffa8', '1', '2018-04-02 08:54:54', '2018-04-02 08:54:54', 'cashier', null, 'cashierPayFailed_order'), ('835129de-3653-11e8-90d4-e92c88fcffa8', '1', '2018-04-02 08:54:54', '2018-04-02 08:54:54', 'cashier', null, 'update_cashierOrder'), ('835129df-3653-11e8-90d4-e92c88fcffa8', '1', '2018-04-02 08:54:54', '2018-04-02 08:54:54', 'cashier', null, 'update_orderInvoice'), ('835129e0-3653-11e8-90d4-e92c88fcffa8', '1', '2018-04-02 08:54:54', '2018-04-02 08:54:54', 'cashier', null, 'receive_printedOrder'), ('835129e1-3653-11e8-90d4-e92c88fcffa8', '1', '2018-04-02 08:54:54', '2018-04-02 08:54:54', 'cashier', null, 'update_cashierUpdateAmount'), ('835129e2-3653-11e8-90d4-e92c88fcffa8', '1', '2018-04-02 08:54:54', '2018-04-02 08:54:54', 'cashier', null, 'update_receiveOrderStatus'), ('835129e3-3653-11e8-90d4-e92c88fcffa8', '1', '2018-04-02 08:54:54', '2018-04-02 08:54:54', 'GL', null, 'new_ordersubject'), ('835129e4-3653-11e8-90d4-e92c88fcffa8', '1', '2018-04-02 08:54:54', '2018-04-02 08:54:54', 'GL', null, 'getlist_ordersubject'), ('835129e5-3653-11e8-90d4-e92c88fcffa8', '1', '2018-04-02 08:54:54', '2018-04-02 08:54:54', 'GL', null, 'get_ordersubject'), ('835129e6-3653-11e8-90d4-e92c88fcffa8', '1', '2018-04-02 08:54:54', '2018-04-02 08:54:54', 'GL', null, 'delete_ordersubject'), ('835150d0-3653-11e8-90d4-e92c88fcffa8', '1', '2018-04-02 08:54:54', '2018-04-02 08:54:54', 'GL', null, 'update_ordersubject'), ('835150d1-3653-11e8-90d4-e92c88fcffa8', '1', '2018-04-02 08:54:54', '2018-04-02 08:54:54', 'GL', null, 'print_voucher'), ('835150d2-3653-11e8-90d4-e92c88fcffa8', '1', '2018-04-02 08:54:54', '2018-04-02 08:54:54', 'GL', null, 'download_voucher'), ('835150d3-3653-11e8-90d4-e92c88fcffa8', '1', '2018-04-02 08:54:54', '2018-04-02 08:54:54', 'InterCompany', null, 'new_ordersubject'), ('835150d4-3653-11e8-90d4-e92c88fcffa8', '1', '2018-04-02 08:54:54', '2018-04-02 08:54:54', 'InterCompany', null, 'getlist_ordersubject'), ('835150d5-3653-11e8-90d4-e92c88fcffa8', '1', '2018-04-02 08:54:54', '2018-04-02 08:54:54', 'InterCompany', null, 'get_ordersubject'), ('835150d6-3653-11e8-90d4-e92c88fcffa8', '1', '2018-04-02 08:54:54', '2018-04-02 08:54:54', 'InterCompany', null, 'delete_ordersubject'), ('835150d7-3653-11e8-90d4-e92c88fcffa8', '1', '2018-04-02 08:54:54', '2018-04-02 08:54:54', 'InterCompany', null, 'update_ordersubject'), ('835150d8-3653-11e8-90d4-e92c88fcffa8', '1', '2018-04-02 08:54:54', '2018-04-02 08:54:54', 'InterCompany', null, 'print_voucher'), ('835150d9-3653-11e8-90d4-e92c88fcffa8', '1', '2018-04-02 08:54:54', '2018-04-02 08:54:54', 'InterCompany', null, 'download_voucher'), ('835150da-3653-11e8-90d4-e92c88fcffa8', '1', '2018-04-02 08:54:54', '2018-04-02 08:54:54', 'finance', null, 'financeAppro_order'), ('835150db-3653-11e8-90d4-e92c88fcffa8', '1', '2018-04-02 08:54:54', '2018-04-02 08:54:54', 'finance', null, 'financeRefuse_order'), ('835150dc-3653-11e8-90d4-e92c88fcffa8', '1', '2018-04-02 08:54:54', '2018-04-02 08:54:54', 'finance', null, 'getlist_reimuser'), ('835150dd-3653-11e8-90d4-e92c88fcffa8', '1', '2018-04-02 08:54:54', '2018-04-02 08:54:54', 'finance', null, 'get_reimuser'), ('835150de-3653-11e8-90d4-e92c88fcffa8', '1', '2018-04-02 08:54:54', '2018-04-02 08:54:54', 'finance', null, 'new_reimuserdetail'), ('835150df-3653-11e8-90d4-e92c88fcffa8', '1', '2018-04-02 08:54:54', '2018-04-02 08:54:54', 'finance', null, 'update_reimuserdetail'), ('835150e0-3653-11e8-90d4-e92c88fcffa8', '1', '2018-04-02 08:54:54', '2018-04-02 08:54:54', 'finance', null, 'delete_reimuserdetail'), ('835150e1-3653-11e8-90d4-e92c88fcffa8', '1', '2018-04-02 08:54:54', '2018-04-02 08:54:54', 'chief', null, 'chiefAppro_order'), ('835150e2-3653-11e8-90d4-e92c88fcffa8', '1', '2018-04-02 08:54:54', '2018-04-02 08:54:54', 'chief', null, 'chiefRefuse_order'), ('835150e3-3653-11e8-90d4-e92c88fcffa8', '1', '2018-04-02 08:54:54', '2018-04-02 08:54:54', 'maintainer', null, 'new_paytype'), ('835150e4-3653-11e8-90d4-e92c88fcffa8', '1', '2018-04-02 08:54:54', '2018-04-02 08:54:54', 'maintainer', null, 'delete_paytype'), ('835150e5-3653-11e8-90d4-e92c88fcffa8', '1', '2018-04-02 08:54:54', '2018-04-02 08:54:54', 'maintainer', null, 'update_paytype'), ('835150e6-3653-11e8-90d4-e92c88fcffa8', '1', '2018-04-02 08:54:54', '2018-04-02 08:54:54', 'maintainer', null, 'delete_subject'), ('835150e7-3653-11e8-90d4-e92c88fcffa8', '1', '2018-04-02 08:54:54', '2018-04-02 08:54:54', 'maintainer', null, 'update_subject'), ('835150e8-3653-11e8-90d4-e92c88fcffa8', '1', '2018-04-02 08:54:54', '2018-04-02 08:54:54', 'maintainer', null, 'new_company'), ('835150e9-3653-11e8-90d4-e92c88fcffa8', '1', '2018-04-02 08:54:54', '2018-04-02 08:54:54', 'maintainer', null, 'delete_company'), ('835150ea-3653-11e8-90d4-e92c88fcffa8', '1', '2018-04-02 08:54:54', '2018-04-02 08:54:54', 'maintainer', null, 'update_company'), ('835150eb-3653-11e8-90d4-e92c88fcffa8', '1', '2018-04-02 08:54:54', '2018-04-02 08:54:54', 'maintainer', null, 'new_vendor'), ('835150ec-3653-11e8-90d4-e92c88fcffa8', '1', '2018-04-02 08:54:54', '2018-04-02 08:54:54', 'maintainer', null, 'delete_vendor'), ('835150ed-3653-11e8-90d4-e92c88fcffa8', '1', '2018-04-02 08:54:54', '2018-04-02 08:54:54', 'maintainer', null, 'update_vendor'), ('835150ee-3653-11e8-90d4-e92c88fcffa8', '1', '2018-04-02 08:54:54', '2018-04-02 08:54:54', 'maintainer', null, 'new_account'), ('835150ef-3653-11e8-90d4-e92c88fcffa8', '1', '2018-04-02 08:54:54', '2018-04-02 08:54:54', 'maintainer', null, 'delete_account'), ('835150f0-3653-11e8-90d4-e92c88fcffa8', '1', '2018-04-02 08:54:54', '2018-04-02 08:54:54', 'maintainer', null, 'update_account'), ('835150f1-3653-11e8-90d4-e92c88fcffa8', '1', '2018-04-02 08:54:54', '2018-04-02 08:54:54', 'maintainer', null, 'new_accountrole'), ('835150f2-3653-11e8-90d4-e92c88fcffa8', '1', '2018-04-02 08:54:54', '2018-04-02 08:54:54', 'maintainer', null, 'delete_accountrole'), ('835150f3-3653-11e8-90d4-e92c88fcffa8', '1', '2018-04-02 08:54:54', '2018-04-02 08:54:54', 'hr', null, 'new_reimuser'), ('835150f4-3653-11e8-90d4-e92c88fcffa8', '1', '2018-04-02 08:54:54', '2018-04-02 08:54:54', 'hr', null, 'update_reimuser'), ('835150f5-3653-11e8-90d4-e92c88fcffa8', '1', '2018-04-02 08:54:54', '2018-04-02 08:54:54', 'hr', null, 'delete_reimuser'), ('835150f6-3653-11e8-90d4-e92c88fcffa8', '1', '2018-04-02 08:54:54', '2018-04-02 08:54:54', 'hr', null, 'getlist_reimuser'), ('835150f7-3653-11e8-90d4-e92c88fcffa8', '1', '2018-04-02 08:54:54', '2018-04-02 08:54:54', 'hr', null, 'get_reimuser'), ('835150f8-3653-11e8-90d4-e92c88fcffa8', '1', '2018-04-02 08:54:54', '2018-04-02 08:54:54', 'applicant', null, 'new_order'), ('835150f9-3653-11e8-90d4-e92c88fcffa8', '1', '2018-04-02 08:54:54', '2018-04-02 08:54:54', 'applicant', null, 'delete_order'), ('835150fa-3653-11e8-90d4-e92c88fcffa8', '1', '2018-04-02 08:54:54', '2018-04-02 08:54:54', 'applicant', null, 'update_order'), ('835177e0-3653-11e8-90d4-e92c88fcffa8', '1', '2018-04-02 08:54:54', '2018-04-02 08:54:54', 'applicant', null, 'submit_order'), ('835177e1-3653-11e8-90d4-e92c88fcffa8', '1', '2018-04-02 08:54:54', '2018-04-02 08:54:54', 'applicant', null, 'abandon_order'), ('835177e2-3653-11e8-90d4-e92c88fcffa8', '1', '2018-04-02 08:54:54', '2018-04-02 08:54:54', 'applicant', null, 'backout_order'), ('835177e3-3653-11e8-90d4-e92c88fcffa8', '1', '2018-04-02 08:54:54', '2018-04-02 08:54:54', 'applicant', null, 'update_cashierOrder'), ('835177e4-3653-11e8-90d4-e92c88fcffa8', '1', '2018-04-02 08:54:54', '2018-04-02 08:54:54', 'applicant', null, 'applicantUpdate_order'), ('83548520-3653-11e8-90d4-e92c88fcffa8', '1', '2018-04-02 08:54:54', '2018-04-02 08:54:54', 'manager', 'general', null), ('83548521-3653-11e8-90d4-e92c88fcffa8', '1', '2018-04-02 08:54:54', '2018-04-02 08:54:54', 'applicant', 'general', null), ('83548522-3653-11e8-90d4-e92c88fcffa8', '1', '2018-04-02 08:54:54', '2018-04-02 08:54:54', 'cashier', 'general', null), ('83548523-3653-11e8-90d4-e92c88fcffa8', '1', '2018-04-02 08:54:54', '2018-04-02 08:54:54', 'GL', 'general', null), ('83548524-3653-11e8-90d4-e92c88fcffa8', '1', '2018-04-02 08:54:54', '2018-04-02 08:54:54', 'InterCompany', 'general', null), ('83548525-3653-11e8-90d4-e92c88fcffa8', '1', '2018-04-02 08:54:54', '2018-04-02 08:54:54', 'finance', 'GL', null), ('83548526-3653-11e8-90d4-e92c88fcffa8', '1', '2018-04-02 08:54:54', '2018-04-02 08:54:54', 'finance', 'InterCompany', null), ('83548527-3653-11e8-90d4-e92c88fcffa8', '1', '2018-04-02 08:54:54', '2018-04-02 08:54:54', 'chief', 'finance', null), ('8354ac30-3653-11e8-90d4-e92c88fcffa8', '1', '2018-04-02 08:54:54', '2018-04-02 08:54:54', 'maintainer', 'general', null), ('8354ac31-3653-11e8-90d4-e92c88fcffa8', '1', '2018-04-02 08:54:54', '2018-04-02 08:54:54', 'chief', 'maintainer', null), ('8354ac32-3653-11e8-90d4-e92c88fcffa8', '1', '2018-04-02 08:54:54', '2018-04-02 08:54:54', 'hr', 'general', null), ('8354ac33-3653-11e8-90d4-e92c88fcffa8', '1', '2018-04-02 08:54:54', '2018-04-02 08:54:54', 'admin', 'manager', null), ('8354ac34-3653-11e8-90d4-e92c88fcffa8', '1', '2018-04-02 08:54:54', '2018-04-02 08:54:54', 'admin', 'cashier', null), ('8354ac35-3653-11e8-90d4-e92c88fcffa8', '1', '2018-04-02 08:54:54', '2018-04-02 08:54:54', 'admin', 'chief', null), ('8354ac36-3653-11e8-90d4-e92c88fcffa8', '1', '2018-04-02 08:54:54', '2018-04-02 08:54:54', 'admin', 'maintainer', null), ('8354ac37-3653-11e8-90d4-e92c88fcffa8', '1', '2018-04-02 08:54:54', '2018-04-02 08:54:54', 'admin', 'hr', null), ('8354ac38-3653-11e8-90d4-e92c88fcffa8', '1', '2018-04-02 08:54:54', '2018-04-02 08:54:54', 'admin', 'applicant', null);
COMMIT;

-- ----------------------------
--  Table structure for `order`
-- ----------------------------
DROP TABLE IF EXISTS `order`;
CREATE TABLE `order` (
  `id` varchar(255) COLLATE utf8_bin NOT NULL,
  `orderType` enum('Payment','OverseasPayment','Expense') COLLATE utf8_bin DEFAULT NULL,
  `description` varchar(255) COLLATE utf8_bin DEFAULT NULL,
  `applyDate` datetime DEFAULT NULL,
  `amount` decimal(18,6) DEFAULT NULL,
  `subjectStatus` enum('y','n','f') COLLATE utf8_bin DEFAULT 'n',
  `amountCNY` decimal(18,6) DEFAULT '0.000000',
  `excRate` decimal(18,6) DEFAULT '1.000000',
  `printStatus` enum('y','n') COLLATE utf8_bin DEFAULT 'n',
  `paidDate` datetime DEFAULT NULL,
  `subjectDate` varchar(255) COLLATE utf8_bin DEFAULT NULL,
  `voucherDate` datetime DEFAULT NULL,
  `invoiceStatus` enum('y','n','noNeed') COLLATE utf8_bin DEFAULT 'n',
  `receiveOrderStatus` enum('y','n') COLLATE utf8_bin DEFAULT 'n',
  `paidNo` varchar(255) COLLATE utf8_bin DEFAULT NULL,
  `vendorType` enum('user','company') COLLATE utf8_bin DEFAULT NULL,
  `status` int(11) DEFAULT '1',
  `remark` varchar(255) COLLATE utf8_bin DEFAULT NULL,
  `createdAt` datetime NOT NULL,
  `updatedAt` datetime NOT NULL,
  `companyId` char(36) COLLATE utf8_bin NOT NULL,
  `currency` varchar(255) COLLATE utf8_bin NOT NULL,
  `approStatus` varchar(255) COLLATE utf8_bin DEFAULT NULL,
  `createdUsr` varchar(255) COLLATE utf8_bin DEFAULT NULL,
  `updatedUsr` varchar(255) COLLATE utf8_bin DEFAULT NULL,
  PRIMARY KEY (`id`),
  KEY `companyId` (`companyId`),
  KEY `currency` (`currency`),
  KEY `approStatus` (`approStatus`),
  KEY `createdUsr` (`createdUsr`),
  KEY `updatedUsr` (`updatedUsr`),
  KEY `order_apply_date` (`applyDate`) USING BTREE,
  KEY `order_subject_status` (`subjectStatus`) USING BTREE,
  KEY `order_print_status` (`printStatus`) USING BTREE,
  KEY `order_invoice_status` (`invoiceStatus`) USING BTREE,
  KEY `order_paid_no` (`paidNo`) USING BTREE,
  KEY `order_vendor_type` (`vendorType`) USING BTREE,
  KEY `order_status` (`status`) USING BTREE,
  CONSTRAINT `order_ibfk_1` FOREIGN KEY (`companyId`) REFERENCES `company` (`id`) ON DELETE NO ACTION ON UPDATE CASCADE,
  CONSTRAINT `order_ibfk_2` FOREIGN KEY (`currency`) REFERENCES `argdetail` (`id`) ON DELETE NO ACTION ON UPDATE CASCADE,
  CONSTRAINT `order_ibfk_3` FOREIGN KEY (`approStatus`) REFERENCES `argdetail` (`id`) ON DELETE SET NULL ON UPDATE CASCADE,
  CONSTRAINT `order_ibfk_4` FOREIGN KEY (`createdUsr`) REFERENCES `account` (`id`) ON DELETE SET NULL ON UPDATE CASCADE,
  CONSTRAINT `order_ibfk_5` FOREIGN KEY (`updatedUsr`) REFERENCES `account` (`id`) ON DELETE SET NULL ON UPDATE CASCADE
) ENGINE=InnoDB DEFAULT CHARSET=utf8 COLLATE=utf8_bin;

-- ----------------------------
--  Records of `order`
-- ----------------------------
BEGIN;
INSERT INTO `order` VALUES ('PR201804001', null, '测试', '2018-04-02 00:00:00', '4000.000000', 'y', '0.000000', '1.000000', 'n', '2018-04-02 00:00:00', '1804', '2018-04-02 00:00:00', 'y', 'n', 'BH1804HBP11-I001', 'user', '1', null, '2018-04-02 08:57:37', '2018-04-02 08:58:28', '24787240-06da-11e7-b23d-513f39f5849c', 'CNY', 'paySucceed', 'superMan', 'superMan'), ('PR201804002', null, '123', '2018-04-02 00:00:00', '1000.000000', 'n', '0.000000', '1.000000', 'n', null, null, '2018-04-02 00:00:00', 'n', 'n', null, 'user', '1', null, '2018-04-02 09:29:27', '2018-04-02 09:29:30', '12387241-06da-11e7-b23d-513f39f5849c', 'CNY', 'paySucceed', 'superMan', 'superMan');
COMMIT;

-- ----------------------------
--  Table structure for `orderdetail`
-- ----------------------------
DROP TABLE IF EXISTS `orderdetail`;
CREATE TABLE `orderdetail` (
  `id` char(36) COLLATE utf8_bin NOT NULL,
  `money` decimal(18,6) NOT NULL,
  `payDate` varchar(255) COLLATE utf8_bin DEFAULT NULL,
  `vendorAddress` varchar(255) COLLATE utf8_bin DEFAULT NULL,
  `bankNum` varchar(255) COLLATE utf8_bin NOT NULL,
  `bankName` varchar(255) COLLATE utf8_bin NOT NULL,
  `bankAddress` varchar(255) COLLATE utf8_bin DEFAULT NULL,
  `bankCodeType` enum('SWIFT BIC','Australia-BSB Cod','Canada- Routing Nu','China-CNAPS','Germany-Bankleitz','Hong Kong-Bank C','Singapore-Bank Co','United Kingdom-Sort Code','United States-Fedwi','United States-CHIPS') COLLATE utf8_bin DEFAULT NULL,
  `bankCode` varchar(255) COLLATE utf8_bin DEFAULT NULL,
  `country` varchar(255) COLLATE utf8_bin DEFAULT NULL,
  `formId` varchar(255) COLLATE utf8_bin DEFAULT NULL,
  `contacter` varchar(255) COLLATE utf8_bin DEFAULT NULL,
  `telphone` varchar(255) COLLATE utf8_bin DEFAULT NULL,
  `remark` varchar(255) COLLATE utf8_bin DEFAULT NULL,
  `status` int(11) DEFAULT '1',
  `createdAt` datetime NOT NULL,
  `updatedAt` datetime NOT NULL,
  `paytypeId` varchar(255) COLLATE utf8_bin DEFAULT NULL,
  `paytypedetailId` varchar(255) COLLATE utf8_bin DEFAULT NULL,
  `companyId` char(36) COLLATE utf8_bin NOT NULL,
  `orderId` varchar(255) COLLATE utf8_bin NOT NULL,
  `spendUsr` char(36) COLLATE utf8_bin DEFAULT NULL,
  `reimuserId` char(36) COLLATE utf8_bin DEFAULT NULL,
  `vendorId` char(36) COLLATE utf8_bin DEFAULT NULL,
  `payeeType` varchar(255) COLLATE utf8_bin NOT NULL,
  `createdUsr` varchar(255) COLLATE utf8_bin DEFAULT NULL,
  `updatedUsr` varchar(255) COLLATE utf8_bin DEFAULT NULL,
  PRIMARY KEY (`id`),
  KEY `paytypeId` (`paytypeId`),
  KEY `paytypedetailId` (`paytypedetailId`),
  KEY `companyId` (`companyId`),
  KEY `orderId` (`orderId`),
  KEY `spendUsr` (`spendUsr`),
  KEY `reimuserId` (`reimuserId`),
  KEY `vendorId` (`vendorId`),
  KEY `payeeType` (`payeeType`),
  KEY `createdUsr` (`createdUsr`),
  KEY `updatedUsr` (`updatedUsr`),
  KEY `orderdetail_status` (`status`) USING BTREE,
  CONSTRAINT `orderdetail_ibfk_1` FOREIGN KEY (`paytypeId`) REFERENCES `paytype` (`id`) ON DELETE SET NULL ON UPDATE CASCADE,
  CONSTRAINT `orderdetail_ibfk_10` FOREIGN KEY (`updatedUsr`) REFERENCES `account` (`id`) ON DELETE SET NULL ON UPDATE CASCADE,
  CONSTRAINT `orderdetail_ibfk_2` FOREIGN KEY (`paytypedetailId`) REFERENCES `paytypedetail` (`id`) ON DELETE SET NULL ON UPDATE CASCADE,
  CONSTRAINT `orderdetail_ibfk_3` FOREIGN KEY (`companyId`) REFERENCES `company` (`id`) ON DELETE NO ACTION ON UPDATE CASCADE,
  CONSTRAINT `orderdetail_ibfk_4` FOREIGN KEY (`orderId`) REFERENCES `order` (`id`) ON DELETE NO ACTION ON UPDATE CASCADE,
  CONSTRAINT `orderdetail_ibfk_5` FOREIGN KEY (`spendUsr`) REFERENCES `reimuser` (`id`) ON DELETE SET NULL ON UPDATE CASCADE,
  CONSTRAINT `orderdetail_ibfk_6` FOREIGN KEY (`reimuserId`) REFERENCES `reimuser` (`id`) ON DELETE SET NULL ON UPDATE CASCADE,
  CONSTRAINT `orderdetail_ibfk_7` FOREIGN KEY (`vendorId`) REFERENCES `vendor` (`id`) ON DELETE SET NULL ON UPDATE CASCADE,
  CONSTRAINT `orderdetail_ibfk_8` FOREIGN KEY (`payeeType`) REFERENCES `argdetail` (`id`) ON DELETE NO ACTION ON UPDATE CASCADE,
  CONSTRAINT `orderdetail_ibfk_9` FOREIGN KEY (`createdUsr`) REFERENCES `account` (`id`) ON DELETE SET NULL ON UPDATE CASCADE
) ENGINE=InnoDB DEFAULT CHARSET=utf8 COLLATE=utf8_bin;

-- ----------------------------
--  Records of `orderdetail`
-- ----------------------------
BEGIN;
INSERT INTO `orderdetail` VALUES ('56d9b3d0-3658-11e8-afc4-df84eeb7c878', '1000.000000', '2018-04', null, '1111', '12111', null, null, null, null, null, null, null, null, '1', '2018-04-02 09:29:27', '2018-04-02 09:29:30', 'Individual Income Tax', null, '12387241-06da-11e7-b23d-513f39f5849c', 'PR201804002', null, '10a6ae30-06da-11e7-b23d-513f39f5849c', '56cce290-3658-11e8-afc4-df84eeb7c878', 'reimuser', 'superMan', 'superMan'), ('e45cc2b0-3653-11e8-8ed9-7dc495729270', '1000.000000', '2018-04', null, '111111111111111111', '上海银行', null, null, null, null, null, null, null, null, '1', '2018-04-02 08:57:37', '2018-04-02 08:57:37', 'COLA', null, '24787240-06da-11e7-b23d-513f39f5849c', 'PR201804001', null, '24a6ae30-06da-11e7-b23d-513f39f5849c', '248a4c90-06da-11e7-b23d-513f39f5849c', 'reimuser', 'superMan', null), ('e45ce9c0-3653-11e8-8ed9-7dc495729270', '3000.000000', '2018-04', null, '222222222222222222', '中国银行', null, null, null, null, null, null, null, null, '1', '2018-04-02 08:57:37', '2018-04-02 08:57:37', 'Car-fixed', null, '24787240-06da-11e7-b23d-513f39f5849c', 'PR201804001', null, '24941090-06da-11e7-b23d-513f39f5849c', '248a73a0-06da-11e7-b23d-513f39f5849c', 'reimuser', 'superMan', null);
COMMIT;

-- ----------------------------
--  Table structure for `ordersubject`
-- ----------------------------
DROP TABLE IF EXISTS `ordersubject`;
CREATE TABLE `ordersubject` (
  `id` char(36) COLLATE utf8_bin NOT NULL,
  `type` enum('debit','credit') COLLATE utf8_bin NOT NULL,
  `money` decimal(18,6) NOT NULL,
  `description` varchar(255) COLLATE utf8_bin DEFAULT NULL,
  `status` int(11) DEFAULT '1',
  `createdAt` datetime NOT NULL,
  `updatedAt` datetime NOT NULL,
  `subjectId` char(36) COLLATE utf8_bin NOT NULL,
  `orderId` varchar(255) COLLATE utf8_bin DEFAULT NULL,
  `receiptId` char(36) COLLATE utf8_bin DEFAULT NULL,
  `createdUsr` varchar(255) COLLATE utf8_bin DEFAULT NULL,
  `updatedUsr` varchar(255) COLLATE utf8_bin DEFAULT NULL,
  PRIMARY KEY (`id`),
  KEY `subjectId` (`subjectId`),
  KEY `orderId` (`orderId`),
  KEY `receiptId` (`receiptId`),
  KEY `createdUsr` (`createdUsr`),
  KEY `updatedUsr` (`updatedUsr`),
  KEY `ordersubject_type` (`type`) USING BTREE,
  KEY `ordersubject_status` (`status`) USING BTREE,
  CONSTRAINT `ordersubject_ibfk_1` FOREIGN KEY (`subjectId`) REFERENCES `subject` (`id`) ON DELETE NO ACTION ON UPDATE CASCADE,
  CONSTRAINT `ordersubject_ibfk_2` FOREIGN KEY (`orderId`) REFERENCES `order` (`id`) ON DELETE SET NULL ON UPDATE CASCADE,
  CONSTRAINT `ordersubject_ibfk_3` FOREIGN KEY (`receiptId`) REFERENCES `receipt` (`id`) ON DELETE SET NULL ON UPDATE CASCADE,
  CONSTRAINT `ordersubject_ibfk_4` FOREIGN KEY (`createdUsr`) REFERENCES `account` (`id`) ON DELETE SET NULL ON UPDATE CASCADE,
  CONSTRAINT `ordersubject_ibfk_5` FOREIGN KEY (`updatedUsr`) REFERENCES `account` (`id`) ON DELETE SET NULL ON UPDATE CASCADE
) ENGINE=InnoDB DEFAULT CHARSET=utf8 COLLATE=utf8_bin;

-- ----------------------------
--  Records of `ordersubject`
-- ----------------------------
BEGIN;
INSERT INTO `ordersubject` VALUES ('8b4f0c50-36ee-11e8-9b5f-676e2e44ecfe', 'debit', '10000.000000', null, '1', '2018-04-03 03:24:40', '2018-04-03 03:24:40', '222a73a0-06da-11e7-b23d-513f39f5849c', null, '8b4dacc0-36ee-11e8-9b5f-676e2e44ecfe', null, null), ('eeb91230-36ef-11e8-b3d3-4b0314fd2718', 'debit', '10000.000000', null, '1', '2018-04-03 03:34:36', '2018-04-03 03:34:36', '85e67aa1-3653-11e8-90d4-e92c88fcffa8', null, 'eeb76480-36ef-11e8-b3d3-4b0314fd2718', null, null), ('f5f68740-3653-11e8-8ed9-7dc495729270', 'credit', '4000.000000', null, '1', '2018-04-02 08:58:07', '2018-04-02 08:58:20', '85e6c8c2-3653-11e8-90d4-e92c88fcffa8', 'PR201804001', null, null, 'superMan'), ('fdd72140-3653-11e8-8ed9-7dc495729270', 'debit', '4000.000000', null, '1', '2018-04-02 08:58:20', '2018-04-02 08:58:20', '85e6c8c0-3653-11e8-90d4-e92c88fcffa8', 'PR201804001', null, 'superMan', null);
COMMIT;

-- ----------------------------
--  Table structure for `paytype`
-- ----------------------------
DROP TABLE IF EXISTS `paytype`;
CREATE TABLE `paytype` (
  `id` varchar(255) COLLATE utf8_bin NOT NULL,
  `description` varchar(255) COLLATE utf8_bin DEFAULT NULL,
  `rankNum` int(11) DEFAULT '1000',
  `status` int(11) DEFAULT '1',
  `remark` varchar(255) COLLATE utf8_bin DEFAULT NULL,
  `createdAt` datetime NOT NULL,
  `updatedAt` datetime NOT NULL,
  `category` varchar(255) COLLATE utf8_bin NOT NULL,
  `subjectId` char(36) COLLATE utf8_bin DEFAULT NULL,
  PRIMARY KEY (`id`),
  KEY `category` (`category`),
  KEY `subjectId` (`subjectId`),
  KEY `paytype_status` (`status`) USING BTREE,
  CONSTRAINT `paytype_ibfk_1` FOREIGN KEY (`category`) REFERENCES `argdetail` (`id`) ON DELETE NO ACTION ON UPDATE CASCADE,
  CONSTRAINT `paytype_ibfk_2` FOREIGN KEY (`subjectId`) REFERENCES `subject` (`id`) ON DELETE SET NULL ON UPDATE CASCADE
) ENGINE=InnoDB DEFAULT CHARSET=utf8 COLLATE=utf8_bin;

-- ----------------------------
--  Records of `paytype`
-- ----------------------------
BEGIN;
INSERT INTO `paytype` VALUES ('COLA', '', '5', '1', null, '2018-04-02 08:54:59', '2018-04-02 08:54:59', 'employee', null), ('Car-daily', '', '8', '1', null, '2018-04-02 08:54:59', '2018-04-02 08:54:59', 'employee', null), ('Car-fixed', '', '7', '1', null, '2018-04-02 08:54:59', '2018-04-02 08:54:59', 'employee', null), ('Cash Advance', '', '20', '1', null, '2018-04-02 08:54:59', '2018-04-02 08:54:59', 'employee', null), ('Commercial_Cost', '', '26', '1', null, '2018-04-02 08:54:59', '2018-04-02 08:54:59', 'operatingCost', null), ('Credit Card', '', '23', '1', null, '2018-04-02 08:54:59', '2018-04-02 08:54:59', 'employee', null), ('Education', '', '12', '1', null, '2018-04-02 08:54:59', '2018-04-02 08:54:59', 'employee', null), ('Financial_Cost', '', '28', '1', null, '2018-04-02 08:54:59', '2018-04-02 08:54:59', 'operatingCost', null), ('Freelancer', '', '3', '1', null, '2018-04-02 08:54:59', '2018-04-02 08:54:59', 'employee', null), ('Housing', '', '6', '1', null, '2018-04-02 08:54:59', '2018-04-02 08:54:59', 'employee', null), ('Housing Fund', '', '18', '1', null, '2018-04-02 08:54:59', '2018-04-02 08:54:59', 'employee', null), ('IT_Cost', '', '27', '1', null, '2018-04-02 08:54:59', '2018-04-02 08:54:59', 'operatingCost', null), ('Individual Income Tax', '', '16', '1', null, '2018-04-02 08:54:59', '2018-04-02 08:54:59', 'employee', null), ('Intern', '', '4', '1', null, '2018-04-02 08:54:59', '2018-04-02 08:54:59', 'employee', null), ('Language', '', '13', '1', null, '2018-04-02 08:54:59', '2018-04-02 08:54:59', 'employee', null), ('Medical', '', '11', '1', null, '2018-04-02 08:54:59', '2018-04-02 08:54:59', 'employee', null), ('Mobile-company', '', '9', '1', null, '2018-04-02 08:54:59', '2018-04-02 08:54:59', 'employee', null), ('Mobile-staff', '', '10', '1', null, '2018-04-02 08:54:59', '2018-04-02 08:54:59', 'employee', null), ('Office_Cost', '', '25', '1', null, '2018-04-02 08:54:59', '2018-04-02 08:54:59', 'operatingCost', null), ('Others_Staff', '', '19', '1', null, '2018-04-02 08:54:59', '2018-04-02 08:54:59', 'employee', null), ('Recruitment', '', '14', '1', null, '2018-04-02 08:54:59', '2018-04-02 08:54:59', 'employee', null), ('Relocation', '', '15', '1', null, '2018-04-02 08:54:59', '2018-04-02 08:54:59', 'employee', null), ('Salary-local payment', '', '1', '1', null, '2018-04-02 08:54:59', '2018-04-02 08:54:59', 'employee', null), ('Salary-oversea payment', '', '2', '1', null, '2018-04-02 08:54:59', '2018-04-02 08:54:59', 'employee', null), ('Social Insurances', '', '17', '1', null, '2018-04-02 08:54:59', '2018-04-02 08:54:59', 'employee', null), ('Staff_Welfare_Cost', '', '24', '1', null, '2018-04-02 08:54:59', '2018-04-02 08:54:59', 'operatingCost', null), ('Travel', '', '22', '1', null, '2018-04-02 08:54:59', '2018-04-02 08:54:59', 'employee', null), ('Visa', '', '21', '1', null, '2018-04-02 08:54:59', '2018-04-02 08:54:59', 'employee', null);
COMMIT;

-- ----------------------------
--  Table structure for `paytypedetail`
-- ----------------------------
DROP TABLE IF EXISTS `paytypedetail`;
CREATE TABLE `paytypedetail` (
  `id` varchar(255) COLLATE utf8_bin NOT NULL,
  `description` varchar(255) COLLATE utf8_bin DEFAULT NULL,
  `rankNum` int(11) DEFAULT '1000',
  `status` int(11) DEFAULT '1',
  `remark` varchar(255) COLLATE utf8_bin DEFAULT NULL,
  `createdAt` datetime NOT NULL,
  `updatedAt` datetime NOT NULL,
  `paytypeId` varchar(255) COLLATE utf8_bin DEFAULT NULL,
  `subjectId` char(36) COLLATE utf8_bin DEFAULT NULL,
  PRIMARY KEY (`id`),
  KEY `paytypeId` (`paytypeId`),
  KEY `subjectId` (`subjectId`),
  KEY `paytypedetail_status` (`status`) USING BTREE,
  CONSTRAINT `paytypedetail_ibfk_1` FOREIGN KEY (`paytypeId`) REFERENCES `paytype` (`id`) ON DELETE SET NULL ON UPDATE CASCADE,
  CONSTRAINT `paytypedetail_ibfk_2` FOREIGN KEY (`subjectId`) REFERENCES `subject` (`id`) ON DELETE SET NULL ON UPDATE CASCADE
) ENGINE=InnoDB DEFAULT CHARSET=utf8 COLLATE=utf8_bin;

-- ----------------------------
--  Records of `paytypedetail`
-- ----------------------------
BEGIN;
INSERT INTO `paytypedetail` VALUES ('5@5', '', '4', '1', null, '2018-04-02 08:54:59', '2018-04-02 08:54:59', 'Staff_Welfare_Cost', null), ('Accessaries', '', '5', '1', null, '2018-04-02 08:54:59', '2018-04-02 08:54:59', 'IT_Cost', null), ('Audit', '', '9', '1', null, '2018-04-02 08:54:59', '2018-04-02 08:54:59', 'Financial_Cost', null), ('Bagel/Town Hall', '', '3', '1', null, '2018-04-02 08:54:59', '2018-04-02 08:54:59', 'Staff_Welfare_Cost', null), ('Bank Charges', '', '5', '1', null, '2018-04-02 08:54:59', '2018-04-02 08:54:59', 'Financial_Cost', null), ('Brand Breakthrough (BBT)', '', '8', '1', null, '2018-04-02 08:54:59', '2018-04-02 08:54:59', 'Commercial_Cost', null), ('CAPEX', '', '1', '1', null, '2018-04-02 08:54:59', '2018-04-02 08:54:59', 'Office_Cost', null), ('CNY Party', '', '8', '1', null, '2018-04-02 08:54:59', '2018-04-02 08:54:59', 'Staff_Welfare_Cost', null), ('Cash Advance', '', '3', '1', null, '2018-04-02 08:54:59', '2018-04-02 08:54:59', 'Financial_Cost', null), ('Client Entertainment', '', '4', '1', null, '2018-04-02 08:54:59', '2018-04-02 08:54:59', 'Commercial_Cost', null), ('Client Meeting', '', '5', '1', null, '2018-04-02 08:54:59', '2018-04-02 08:54:59', 'Commercial_Cost', null), ('Client Workshops', '', '6', '1', null, '2018-04-02 08:54:59', '2018-04-02 08:54:59', 'Commercial_Cost', null), ('Company Trip', '', '6', '1', null, '2018-04-02 08:54:59', '2018-04-02 08:54:59', 'Staff_Welfare_Cost', null), ('Conference Call', '', '7', '1', null, '2018-04-02 08:54:59', '2018-04-02 08:54:59', 'IT_Cost', null), ('Corporate Income Tax', '', '7', '1', null, '2018-04-02 08:54:59', '2018-04-02 08:54:59', 'Financial_Cost', null), ('Dividends', '', '13', '1', null, '2018-04-02 08:54:59', '2018-04-02 08:54:59', 'Financial_Cost', null), ('Dividends Tax', '', '14', '1', null, '2018-04-02 08:54:59', '2018-04-02 08:54:59', 'Financial_Cost', null), ('Facility Management', '', '6', '1', null, '2018-04-02 08:54:59', '2018-04-02 08:54:59', 'Office_Cost', null), ('Hardware-CAPEX', '', '1', '1', null, '2018-04-02 08:54:59', '2018-04-02 08:54:59', 'IT_Cost', null), ('Hardware-expense', '', '2', '1', null, '2018-04-02 08:54:59', '2018-04-02 08:54:59', 'IT_Cost', null), ('Holiday Gifts', '', '5', '1', null, '2018-04-02 08:54:59', '2018-04-02 08:54:59', 'Staff_Welfare_Cost', null), ('Hot House (HH)', '', '7', '1', null, '2018-04-02 08:54:59', '2018-04-02 08:54:59', 'Commercial_Cost', null), ('Intercompany', '', '2', '1', null, '2018-04-02 08:54:59', '2018-04-02 08:54:59', 'Financial_Cost', null), ('Internal Transfer', '', '1', '1', null, '2018-04-02 08:54:59', '2018-04-02 08:54:59', 'Financial_Cost', null), ('Landline', '', '8', '1', null, '2018-04-02 08:54:59', '2018-04-02 08:54:59', 'IT_Cost', null), ('Legal', '', '10', '1', null, '2018-04-02 08:54:59', '2018-04-02 08:54:59', 'Financial_Cost', null), ('Lunch & Learn', '', '2', '1', null, '2018-04-02 08:54:59', '2018-04-02 08:54:59', 'Staff_Welfare_Cost', null), ('Magazines', '', '12', '1', null, '2018-04-02 08:54:59', '2018-04-02 08:54:59', 'Office_Cost', null), ('Management Fee', '', '3', '1', null, '2018-04-02 08:54:59', '2018-04-02 08:54:59', 'Office_Cost', null), ('Management Meeting', '', '3', '1', null, '2018-04-02 08:54:59', '2018-04-02 08:54:59', 'Commercial_Cost', null), ('Office Insurance', '', '11', '1', null, '2018-04-02 08:54:59', '2018-04-02 08:54:59', 'Office_Cost', null), ('Office Supplies', '', '8', '1', null, '2018-04-02 08:54:59', '2018-04-02 08:54:59', 'Office_Cost', null), ('Others_Commercial_Cost', '', '10', '1', null, '2018-04-02 08:54:59', '2018-04-02 08:54:59', 'Commercial_Cost', null), ('Others_Financial_Cost', '', '15', '1', null, '2018-04-02 08:54:59', '2018-04-02 08:54:59', 'Financial_Cost', null), ('Others_IT_Cost', '', '9', '1', null, '2018-04-02 08:54:59', '2018-04-02 08:54:59', 'IT_Cost', null), ('Others_Office_Cost', '', '13', '1', null, '2018-04-02 08:54:59', '2018-04-02 08:54:59', 'Office_Cost', null), ('Others_Staff_Welfare_Cost', '', '11', '1', null, '2018-04-02 08:54:59', '2018-04-02 08:54:59', 'Staff_Welfare_Cost', null), ('Parking', '', '4', '1', null, '2018-04-02 08:54:59', '2018-04-02 08:54:59', 'Office_Cost', null), ('Petty Cash', '', '4', '1', null, '2018-04-02 08:54:59', '2018-04-02 08:54:59', 'Financial_Cost', null), ('Postage & Courier', '', '9', '1', null, '2018-04-02 08:54:59', '2018-04-02 08:54:59', 'Office_Cost', null), ('Presentation', '', '9', '1', null, '2018-04-02 08:54:59', '2018-04-02 08:54:59', 'Commercial_Cost', null), ('Printer', '', '4', '1', null, '2018-04-02 08:54:59', '2018-04-02 08:54:59', 'IT_Cost', null), ('Red Packet', '', '9', '1', null, '2018-04-02 08:54:59', '2018-04-02 08:54:59', 'Staff_Welfare_Cost', null), ('Rental', '', '2', '1', null, '2018-04-02 08:54:59', '2018-04-02 08:54:59', 'Office_Cost', null), ('Repair', '', '6', '1', null, '2018-04-02 08:54:59', '2018-04-02 08:54:59', 'IT_Cost', null), ('Software', '', '3', '1', null, '2018-04-02 08:54:59', '2018-04-02 08:54:59', 'IT_Cost', null), ('Stationary', '', '7', '1', null, '2018-04-02 08:54:59', '2018-04-02 08:54:59', 'Office_Cost', null), ('Storage', '', '10', '1', null, '2018-04-02 08:54:59', '2018-04-02 08:54:59', 'Office_Cost', null), ('Tax Agent', '', '11', '1', null, '2018-04-02 08:54:59', '2018-04-02 08:54:59', 'Financial_Cost', null), ('Tax Consulting', '', '12', '1', null, '2018-04-02 08:54:59', '2018-04-02 08:54:59', 'Financial_Cost', null), ('Team Building/Meals', '', '10', '1', null, '2018-04-02 08:54:59', '2018-04-02 08:54:59', 'Staff_Welfare_Cost', null), ('Training', '', '1', '1', null, '2018-04-02 08:54:59', '2018-04-02 08:54:59', 'Staff_Welfare_Cost', null), ('Travel', '', '1', '1', null, '2018-04-02 08:54:59', '2018-04-02 08:54:59', 'Commercial_Cost', null), ('Utilities', '', '5', '1', null, '2018-04-02 08:54:59', '2018-04-02 08:54:59', 'Office_Cost', null), ('VAT & Surtaxes', '', '6', '1', null, '2018-04-02 08:54:59', '2018-04-02 08:54:59', 'Financial_Cost', null), ('Visa', '', '2', '1', null, '2018-04-02 08:54:59', '2018-04-02 08:54:59', 'Commercial_Cost', null), ('Withholding Tax', '', '8', '1', null, '2018-04-02 08:54:59', '2018-04-02 08:54:59', 'Financial_Cost', null), ('X\'mas Party', '', '7', '1', null, '2018-04-02 08:54:59', '2018-04-02 08:54:59', 'Staff_Welfare_Cost', null);
COMMIT;

-- ----------------------------
--  Table structure for `permission`
-- ----------------------------
DROP TABLE IF EXISTS `permission`;
CREATE TABLE `permission` (
  `id` varchar(255) COLLATE utf8_bin NOT NULL,
  `object` varchar(255) COLLATE utf8_bin NOT NULL,
  `operation` varchar(255) COLLATE utf8_bin NOT NULL,
  `status` int(11) DEFAULT '1',
  `createdAt` datetime NOT NULL,
  `updatedAt` datetime NOT NULL,
  PRIMARY KEY (`id`)
) ENGINE=InnoDB DEFAULT CHARSET=utf8 COLLATE=utf8_bin;

-- ----------------------------
--  Records of `permission`
-- ----------------------------
BEGIN;
INSERT INTO `permission` VALUES ('abandon_order', 'order', 'abandon', '1', '2017-03-10 03:18:32', '2017-03-10 03:18:32'), ('applicantUpdate_order', 'order', 'applicantUpdate', '1', '2017-03-10 03:18:32', '2017-03-10 03:18:32'), ('backout_order', 'order', 'backout', '1', '2017-03-10 03:18:32', '2017-03-10 03:18:32'), ('cashierAppro_order', 'order', 'cashierAppro', '1', '2017-03-10 03:18:32', '2017-03-10 03:18:32'), ('cashierExport_order', 'order', 'cashierExport', '1', '2017-03-10 03:18:32', '2017-03-10 03:18:32'), ('cashierPayFailed_order', 'order', 'cashierPayFailed', '1', '2017-03-10 03:18:32', '2017-03-10 03:18:32'), ('cashierPaySucceed_order', 'order', 'cashierPaySucceed', '1', '2017-03-10 03:18:32', '2017-03-10 03:18:32'), ('cashierRefuse_order', 'order', 'cashierRefuse', '1', '2017-03-10 03:18:32', '2017-03-10 03:18:32'), ('chiefAppro_order', 'order', 'chiefAppro', '1', '2017-03-10 03:18:32', '2017-03-10 03:18:32'), ('chiefRefuse_order', 'order', 'chiefRefuse', '1', '2017-03-10 03:18:32', '2017-03-10 03:18:32'), ('delete_account', 'account', 'delete', '1', '2017-03-10 03:18:32', '2017-03-10 03:18:32'), ('delete_accountrole', 'accountrole', 'delete', '1', '2017-03-10 03:18:32', '2017-03-10 03:18:32'), ('delete_applylog', 'applylog', 'delete', '1', '2017-03-10 03:18:32', '2017-03-10 03:18:32'), ('delete_argdetail', 'argdetail', 'delete', '1', '2017-03-10 03:18:32', '2017-03-10 03:18:32'), ('delete_argmain', 'argmain', 'delete', '1', '2017-03-10 03:18:32', '2017-03-10 03:18:32'), ('delete_company', 'company', 'delete', '1', '2017-03-10 03:18:32', '2017-03-10 03:18:32'), ('delete_grant', 'grant', 'delete', '1', '2017-03-10 03:18:32', '2017-03-10 03:18:32'), ('delete_order', 'order', 'delete', '1', '2017-03-10 03:18:32', '2017-03-10 03:18:32'), ('delete_ordersubject', 'ordersubject', 'delete', '1', '2017-03-10 03:18:32', '2017-03-10 03:18:32'), ('delete_paytype', 'paytype', 'delete', '1', '2017-03-10 03:18:32', '2017-03-10 03:18:32'), ('delete_permission', 'permission', 'delete', '1', '2017-03-10 03:18:32', '2017-03-10 03:18:32'), ('delete_reimuser', 'reimuser', 'delete', '1', '2017-03-10 03:18:32', '2017-03-10 03:18:32'), ('delete_reimuserdetail', 'reimuserdetail', 'delete', '1', '2017-03-10 03:18:32', '2017-03-10 03:18:32'), ('delete_role', 'role', 'delete', '1', '2017-03-10 03:18:32', '2017-03-10 03:18:32'), ('delete_signature', 'signature', 'delete', '1', '2017-03-10 03:18:32', '2017-03-10 03:18:32'), ('delete_subject', 'subject', 'delete', '1', '2017-03-10 03:18:32', '2017-03-10 03:18:32'), ('delete_vendor', 'vendor', 'delete', '1', '2017-03-10 03:18:32', '2017-03-10 03:18:32'), ('download_voucher', 'voucher', 'download', '1', '2017-03-10 03:18:32', '2017-03-10 03:18:32'), ('financeAppro_order', 'order', 'financeAppro', '1', '2017-03-10 03:18:32', '2017-03-10 03:18:32'), ('financeRefuse_order', 'order', 'financeRefuse', '1', '2017-03-10 03:18:32', '2017-03-10 03:18:32'), ('get_account', 'account', 'get', '1', '2017-03-10 03:18:32', '2017-03-10 03:18:32'), ('get_accountrole', 'accountrole', 'get', '1', '2017-03-10 03:18:32', '2017-03-10 03:18:32'), ('get_applylog', 'applylog', 'get', '1', '2017-03-10 03:18:32', '2017-03-10 03:18:32'), ('get_argdetail', 'argdetail', 'get', '1', '2017-03-10 03:18:32', '2017-03-10 03:18:32'), ('get_argmain', 'argmain', 'get', '1', '2017-03-10 03:18:32', '2017-03-10 03:18:32'), ('get_company', 'company', 'get', '1', '2017-03-10 03:18:32', '2017-03-10 03:18:32'), ('get_grant', 'grant', 'get', '1', '2017-03-10 03:18:32', '2017-03-10 03:18:32'), ('get_order', 'order', 'get', '1', '2017-03-10 03:18:32', '2017-03-10 03:18:32'), ('get_ordersubject', 'ordersubject', 'get', '1', '2017-03-10 03:18:32', '2017-03-10 03:18:32'), ('get_paidNo', 'paidNo', 'get', '1', '2017-03-10 03:18:32', '2017-03-10 03:18:32'), ('get_paytype', 'paytype', 'get', '1', '2017-03-10 03:18:32', '2017-03-10 03:18:32'), ('get_permission', 'permission', 'get', '1', '2017-03-10 03:18:32', '2017-03-10 03:18:32'), ('get_reimuser', 'reimuser', 'get', '1', '2017-03-10 03:18:32', '2017-03-10 03:18:32'), ('get_reimuserdetail', 'reimuserdetail', 'get', '1', '2017-03-10 03:18:32', '2017-03-10 03:18:32'), ('get_role', 'role', 'get', '1', '2017-03-10 03:18:32', '2017-03-10 03:18:32'), ('get_signature', 'signature', 'get', '1', '2017-03-10 03:18:32', '2017-03-10 03:18:32'), ('get_subject', 'subject', 'get', '1', '2017-03-10 03:18:32', '2017-03-10 03:18:32'), ('get_vendor', 'vendor', 'get', '1', '2017-03-10 03:18:32', '2017-03-10 03:18:32'), ('getlist_account', 'account', 'getlist', '1', '2017-03-10 03:18:32', '2017-03-10 03:18:32'), ('getlist_accountrole', 'accountrole', 'getlist', '1', '2017-03-10 03:18:32', '2017-03-10 03:18:32'), ('getlist_applylog', 'applylog', 'getlist', '1', '2017-03-10 03:18:32', '2017-03-10 03:18:32'), ('getlist_argdetail', 'argdetail', 'getlist', '1', '2017-03-10 03:18:32', '2017-03-10 03:18:32'), ('getlist_argmain', 'argmain', 'getlist', '1', '2017-03-10 03:18:32', '2017-03-10 03:18:32'), ('getlist_company', 'company', 'getlist', '1', '2017-03-10 03:18:32', '2017-03-10 03:18:32'), ('getlist_department', 'department', 'getlist', '1', '2017-03-10 03:18:32', '2017-03-10 03:18:32'), ('getlist_grant', 'grant', 'getlist', '1', '2017-03-10 03:18:32', '2017-03-10 03:18:32'), ('getlist_ldap', 'ldap', 'getlist', '1', '2017-03-10 03:18:32', '2017-03-10 03:18:32'), ('getlist_order', 'order', 'getlist', '1', '2017-03-10 03:18:32', '2017-03-10 03:18:32'), ('getlist_ordersubject', 'ordersubject', 'getlist', '1', '2017-03-10 03:18:32', '2017-03-10 03:18:32'), ('getlist_paytype', 'paytype', 'getlist', '1', '2017-03-10 03:18:32', '2017-03-10 03:18:32'), ('getlist_permission', 'permission', 'getlist', '1', '2017-03-10 03:18:32', '2017-03-10 03:18:32'), ('getlist_reimuser', 'reimuser', 'getlist', '1', '2017-03-10 03:18:32', '2017-03-10 03:18:32'), ('getlist_reimuserdetail', 'reimuserdetail', 'getlist', '1', '2017-03-10 03:18:32', '2017-03-10 03:18:32'), ('getlist_role', 'role', 'getlist', '1', '2017-03-10 03:18:32', '2017-03-10 03:18:32'), ('getlist_signature', 'signature', 'getlist', '1', '2017-03-10 03:18:32', '2017-03-10 03:18:32'), ('getlist_subject', 'subject', 'getlist', '1', '2017-03-10 03:18:32', '2017-03-10 03:18:32'), ('getlist_vendor', 'vendor', 'getlist', '1', '2017-03-10 03:18:32', '2017-03-10 03:18:32'), ('managerAppro_order', 'order', 'managerAppro', '1', '2017-03-10 03:18:32', '2017-03-10 03:18:32'), ('managerRefuse_order', 'order', 'managerRefuse', '1', '2017-03-10 03:18:32', '2017-03-10 03:18:32'), ('new_account', 'account', 'new', '1', '2017-03-10 03:18:32', '2017-03-10 03:18:32'), ('new_accountrole', 'accountrole', 'new', '1', '2017-03-10 03:18:32', '2017-03-10 03:18:32'), ('new_applylog', 'applylog', 'new', '1', '2017-03-10 03:18:32', '2017-03-10 03:18:32'), ('new_argdetail', 'argdetail', 'new', '1', '2017-03-10 03:18:32', '2017-03-10 03:18:32'), ('new_argmain', 'argmain', 'new', '1', '2017-03-10 03:18:32', '2017-03-10 03:18:32'), ('new_company', 'company', 'new', '1', '2017-03-10 03:18:32', '2017-03-10 03:18:32'), ('new_grant', 'grant', 'new', '1', '2017-03-10 03:18:32', '2017-03-10 03:18:32'), ('new_order', 'order', 'new', '1', '2017-03-10 03:18:32', '2017-03-10 03:18:32'), ('new_ordersubject', 'ordersubject', 'new', '1', '2017-03-10 03:18:32', '2017-03-10 03:18:32'), ('new_paytype', 'paytype', 'new', '1', '2017-03-10 03:18:32', '2017-03-10 03:18:32'), ('new_permission', 'permission', 'new', '1', '2017-03-10 03:18:32', '2017-03-10 03:18:32'), ('new_reimuser', 'reimuser', 'new', '1', '2017-03-10 03:18:32', '2017-03-10 03:18:32'), ('new_reimuserdetail', 'reimuserdetail', 'new', '1', '2017-03-10 03:18:32', '2017-03-10 03:18:32'), ('new_role', 'role', 'new', '1', '2017-03-10 03:18:32', '2017-03-10 03:18:32'), ('new_signature', 'signature', 'new', '1', '2017-03-10 03:18:32', '2017-03-10 03:18:32'), ('new_subject', 'subject', 'new', '1', '2017-03-10 03:18:32', '2017-03-10 03:18:32'), ('new_vendor', 'vendor', 'new', '1', '2017-03-10 03:18:32', '2017-03-10 03:18:32'), ('print_order', 'order', 'print', '1', '2017-03-10 03:18:32', '2017-03-10 03:18:32'), ('print_voucher', 'voucher', 'print', '1', '2017-03-10 03:18:32', '2017-03-10 03:18:32'), ('receive_printedOrder', 'printedOrder', 'receive', '1', '2017-03-10 03:18:32', '2017-03-10 03:18:32'), ('submit_order', 'order', 'submit', '1', '2017-03-10 03:18:32', '2017-03-10 03:18:32'), ('update_account', 'account', 'update', '1', '2017-03-10 03:18:32', '2017-03-10 03:18:32'), ('update_accountrole', 'accountrole', 'update', '1', '2017-03-10 03:18:32', '2017-03-10 03:18:32'), ('update_applylog', 'applylog', 'update', '1', '2017-03-10 03:18:32', '2017-03-10 03:18:32'), ('update_argdetail', 'argdetail', 'update', '1', '2017-03-10 03:18:32', '2017-03-10 03:18:32'), ('update_argmain', 'argmain', 'update', '1', '2017-03-10 03:18:32', '2017-03-10 03:18:32'), ('update_cashierOrder', 'cashierOrder', 'update', '1', '2017-03-10 03:18:32', '2017-03-10 03:18:32'), ('update_cashierUpdateAmount', 'cashierUpdateAmount', 'update', '1', '2017-03-10 03:18:32', '2017-03-10 03:18:32'), ('update_company', 'company', 'update', '1', '2017-03-10 03:18:32', '2017-03-10 03:18:32'), ('update_grant', 'grant', 'update', '1', '2017-03-10 03:18:32', '2017-03-10 03:18:32'), ('update_order', 'order', 'update', '1', '2017-03-10 03:18:32', '2017-03-10 03:18:32'), ('update_orderInvoice', 'orderInvoice', 'update', '1', '2017-03-10 03:18:32', '2017-03-10 03:18:32'), ('update_ordersubject', 'ordersubject', 'update', '1', '2017-03-10 03:18:32', '2017-03-10 03:18:32'), ('update_paytype', 'paytype', 'update', '1', '2017-03-10 03:18:32', '2017-03-10 03:18:32'), ('update_permission', 'permission', 'update', '1', '2017-03-10 03:18:32', '2017-03-10 03:18:32'), ('update_receiveOrderStatus', 'receiveOrderStatus', 'update', '1', '2017-03-10 03:18:32', '2017-03-10 03:18:32'), ('update_reimuser', 'reimuser', 'update', '1', '2017-03-10 03:18:32', '2017-03-10 03:18:32'), ('update_reimuserdetail', 'reimuserdetail', 'update', '1', '2017-03-10 03:18:32', '2017-03-10 03:18:32'), ('update_role', 'role', 'update', '1', '2017-03-10 03:18:32', '2017-03-10 03:18:32'), ('update_signature', 'signature', 'update', '1', '2017-03-10 03:18:32', '2017-03-10 03:18:32'), ('update_subject', 'subject', 'update', '1', '2017-03-10 03:18:32', '2017-03-10 03:18:32'), ('update_vendor', 'vendor', 'update', '1', '2017-03-10 03:18:32', '2017-03-10 03:18:32');
COMMIT;

-- ----------------------------
--  Table structure for `receipt`
-- ----------------------------
DROP TABLE IF EXISTS `receipt`;
CREATE TABLE `receipt` (
  `id` char(36) COLLATE utf8_bin NOT NULL,
  `description` varchar(255) COLLATE utf8_bin DEFAULT NULL,
  `amount` decimal(18,6) NOT NULL DEFAULT '0.000000',
  `amountCNY` decimal(18,6) DEFAULT '0.000000',
  `excRate` decimal(18,6) DEFAULT '1.000000',
  `paidNo` varchar(255) COLLATE utf8_bin DEFAULT NULL,
  `collectBalanceId` varchar(255) COLLATE utf8_bin DEFAULT NULL,
  `collectDate` date NOT NULL,
  `voucherDate` date DEFAULT NULL,
  `filePath` varchar(255) COLLATE utf8_bin DEFAULT NULL,
  `remark` varchar(255) COLLATE utf8_bin DEFAULT NULL,
  `status` int(11) DEFAULT '1',
  `createdAt` datetime NOT NULL,
  `updatedAt` datetime NOT NULL,
  `currency` varchar(255) COLLATE utf8_bin NOT NULL,
  `createdUsr` varchar(255) COLLATE utf8_bin DEFAULT NULL,
  `updatedUsr` varchar(255) COLLATE utf8_bin DEFAULT NULL,
  PRIMARY KEY (`id`),
  UNIQUE KEY `paidNo` (`paidNo`),
  UNIQUE KEY `receipt_paidNo_unique` (`paidNo`),
  KEY `currency` (`currency`),
  KEY `createdUsr` (`createdUsr`),
  KEY `updatedUsr` (`updatedUsr`),
  KEY `receipt_paid_no` (`paidNo`) USING BTREE,
  KEY `receipt_status` (`status`) USING BTREE,
  CONSTRAINT `receipt_ibfk_1` FOREIGN KEY (`currency`) REFERENCES `argdetail` (`id`) ON DELETE NO ACTION ON UPDATE CASCADE,
  CONSTRAINT `receipt_ibfk_2` FOREIGN KEY (`createdUsr`) REFERENCES `account` (`id`) ON DELETE SET NULL ON UPDATE CASCADE,
  CONSTRAINT `receipt_ibfk_3` FOREIGN KEY (`updatedUsr`) REFERENCES `account` (`id`) ON DELETE SET NULL ON UPDATE CASCADE
) ENGINE=InnoDB DEFAULT CHARSET=utf8 COLLATE=utf8_bin;

-- ----------------------------
--  Records of `receipt`
-- ----------------------------
BEGIN;
INSERT INTO `receipt` VALUES ('8b4dacc0-36ee-11e8-9b5f-676e2e44ecfe', '这是一段测试 4', '10000.000000', '10000.000000', '1.000000', '2018-03-30HBR8110-0098-I000', '4', '2018-03-30', '2018-04-03', '1234', '1234', '1', '2018-04-03 03:24:40', '2018-04-03 03:24:40', 'CNY', 'superMan', 'superMan'), ('eeb76480-36ef-11e8-b3d3-4b0314fd2718', '这是一段测试 4', '10000.000000', '10000.000000', '1.000000', '2018-03-30BCR8110-201-I000', '5', '2018-03-30', '2018-04-03', '1234', '1234', '1', '2018-04-03 03:34:36', '2018-04-03 03:34:36', 'CNY', 'superMan', 'superMan');
COMMIT;

-- ----------------------------
--  Table structure for `reimuser`
-- ----------------------------
DROP TABLE IF EXISTS `reimuser`;
CREATE TABLE `reimuser` (
  `id` char(36) COLLATE utf8_bin NOT NULL,
  `name` varchar(255) COLLATE utf8_bin NOT NULL,
  `status` int(11) DEFAULT '1',
  `remark` varchar(255) COLLATE utf8_bin DEFAULT NULL,
  `createdAt` datetime NOT NULL,
  `updatedAt` datetime NOT NULL,
  `createdUsr` varchar(255) COLLATE utf8_bin DEFAULT NULL,
  `updatedUsr` varchar(255) COLLATE utf8_bin DEFAULT NULL,
  PRIMARY KEY (`id`),
  KEY `createdUsr` (`createdUsr`),
  KEY `updatedUsr` (`updatedUsr`),
  KEY `reimuser_name` (`name`) USING BTREE,
  KEY `reimuser_status` (`status`) USING BTREE,
  CONSTRAINT `reimuser_ibfk_1` FOREIGN KEY (`createdUsr`) REFERENCES `account` (`id`) ON DELETE SET NULL ON UPDATE CASCADE,
  CONSTRAINT `reimuser_ibfk_2` FOREIGN KEY (`updatedUsr`) REFERENCES `account` (`id`) ON DELETE SET NULL ON UPDATE CASCADE
) ENGINE=InnoDB DEFAULT CHARSET=utf8 COLLATE=utf8_bin;

-- ----------------------------
--  Records of `reimuser`
-- ----------------------------
BEGIN;
INSERT INTO `reimuser` VALUES ('10a6ae30-06da-11e7-b23d-513f39f5849c', 'others', '1', null, '2018-04-02 08:54:59', '2018-04-02 08:54:59', null, null), ('24941090-06da-11e7-b23d-513f39f5849c', 'Robet', '1', null, '2018-04-02 08:54:59', '2018-04-02 08:54:59', null, null), ('24a6ae30-06da-11e7-b23d-513f39f5849c', 'Blues', '1', null, '2018-04-02 08:54:59', '2018-04-02 08:54:59', null, null), ('56a6ae30-06da-11e7-b23d-513f39f5849c', 'publicCost', '1', null, '2018-04-02 08:54:59', '2018-04-02 08:54:59', null, null);
COMMIT;

-- ----------------------------
--  Table structure for `reimuserdetail`
-- ----------------------------
DROP TABLE IF EXISTS `reimuserdetail`;
CREATE TABLE `reimuserdetail` (
  `id` char(36) COLLATE utf8_bin NOT NULL,
  `money` decimal(18,6) NOT NULL,
  `validDate` varchar(255) COLLATE utf8_bin NOT NULL,
  `status` int(11) DEFAULT '1',
  `remark` varchar(255) COLLATE utf8_bin DEFAULT NULL,
  `createdAt` datetime NOT NULL,
  `updatedAt` datetime NOT NULL,
  `reimuserId` char(36) COLLATE utf8_bin NOT NULL,
  `paytypeId` varchar(255) COLLATE utf8_bin NOT NULL,
  `vendordetailId` char(36) COLLATE utf8_bin DEFAULT NULL,
  `createdUsr` varchar(255) COLLATE utf8_bin DEFAULT NULL,
  `updatedUsr` varchar(255) COLLATE utf8_bin DEFAULT NULL,
  PRIMARY KEY (`id`),
  KEY `reimuserId` (`reimuserId`),
  KEY `paytypeId` (`paytypeId`),
  KEY `vendordetailId` (`vendordetailId`),
  KEY `createdUsr` (`createdUsr`),
  KEY `updatedUsr` (`updatedUsr`),
  KEY `reimuserdetail_valid_date` (`validDate`) USING BTREE,
  KEY `reimuserdetail_status` (`status`) USING BTREE,
  CONSTRAINT `reimuserdetail_ibfk_1` FOREIGN KEY (`reimuserId`) REFERENCES `reimuser` (`id`) ON DELETE NO ACTION ON UPDATE CASCADE,
  CONSTRAINT `reimuserdetail_ibfk_2` FOREIGN KEY (`paytypeId`) REFERENCES `paytype` (`id`) ON DELETE NO ACTION ON UPDATE CASCADE,
  CONSTRAINT `reimuserdetail_ibfk_3` FOREIGN KEY (`vendordetailId`) REFERENCES `vendordetail` (`id`) ON DELETE SET NULL ON UPDATE CASCADE,
  CONSTRAINT `reimuserdetail_ibfk_4` FOREIGN KEY (`createdUsr`) REFERENCES `account` (`id`) ON DELETE SET NULL ON UPDATE CASCADE,
  CONSTRAINT `reimuserdetail_ibfk_5` FOREIGN KEY (`updatedUsr`) REFERENCES `account` (`id`) ON DELETE SET NULL ON UPDATE CASCADE
) ENGINE=InnoDB DEFAULT CHARSET=utf8 COLLATE=utf8_bin;

-- ----------------------------
--  Records of `reimuserdetail`
-- ----------------------------
BEGIN;
INSERT INTO `reimuserdetail` VALUES ('85fd36f0-3653-11e8-90d4-e92c88fcffa8', '1000.000000', '2017-02', '1', null, '2018-04-02 08:54:59', '2018-04-02 08:54:59', '24941090-06da-11e7-b23d-513f39f5849c', 'COLA', '69b6a690-0eca-11e7-8881-5f624753c8ec', null, null), ('85fd36f1-3653-11e8-90d4-e92c88fcffa8', '3000.000000', '2017-02', '1', null, '2018-04-02 08:54:59', '2018-04-02 08:54:59', '24941090-06da-11e7-b23d-513f39f5849c', 'Car-fixed', '69b769e0-0eca-11e7-8881-5f624753c8ec', null, null), ('85fdfa40-3653-11e8-90d4-e92c88fcffa8', '1000.000000', '2017-03', '1', null, '2018-04-02 08:54:59', '2018-04-02 08:54:59', '24a6ae30-06da-11e7-b23d-513f39f5849c', 'COLA', '69b6a690-0eca-11e7-8881-5f624753c8ec', null, null), ('85fdfa41-3653-11e8-90d4-e92c88fcffa8', '3000.000000', '2017-01', '1', null, '2018-04-02 08:54:59', '2018-04-02 08:54:59', '24a6ae30-06da-11e7-b23d-513f39f5849c', 'Car-fixed', '69b769e0-0eca-11e7-8881-5f624753c8ec', null, null);
COMMIT;

-- ----------------------------
--  Table structure for `role`
-- ----------------------------
DROP TABLE IF EXISTS `role`;
CREATE TABLE `role` (
  `id` varchar(255) COLLATE utf8_bin NOT NULL,
  `name` varchar(255) COLLATE utf8_bin NOT NULL,
  `status` int(11) DEFAULT '1',
  `createdAt` datetime NOT NULL,
  `updatedAt` datetime NOT NULL,
  PRIMARY KEY (`id`),
  KEY `role_name` (`name`) USING BTREE,
  KEY `role_status` (`status`) USING BTREE
) ENGINE=InnoDB DEFAULT CHARSET=utf8 COLLATE=utf8_bin;

-- ----------------------------
--  Records of `role`
-- ----------------------------
BEGIN;
INSERT INTO `role` VALUES ('GL', '总账', '1', '2018-04-02 08:54:54', '2018-04-02 08:54:54'), ('InterCompany', '集团往来会计', '1', '2018-04-02 08:54:54', '2018-04-02 08:54:54'), ('admin', '管理员', '1', '2018-04-02 08:54:45', '2018-04-02 08:54:45'), ('applicant', '申请人', '1', '2018-04-02 08:54:54', '2018-04-02 08:54:54'), ('cashier', '出纳', '1', '2018-04-02 08:54:54', '2018-04-02 08:54:54'), ('chief', '财务总监', '1', '2018-04-02 08:54:54', '2018-04-02 08:54:54'), ('finance', '财务', '1', '2018-04-02 08:54:54', '2018-04-02 08:54:54'), ('general', '普通员工', '1', '2018-04-02 08:54:54', '2018-04-02 08:54:54'), ('hr', '人事', '1', '2018-04-02 08:54:54', '2018-04-02 08:54:54'), ('maintainer', '维护人员', '1', '2018-04-02 08:54:54', '2018-04-02 08:54:54'), ('manager', '主管', '1', '2018-04-02 08:54:54', '2018-04-02 08:54:54');
COMMIT;

-- ----------------------------
--  Table structure for `sessions`
-- ----------------------------
DROP TABLE IF EXISTS `sessions`;
CREATE TABLE `sessions` (
  `session_id` varchar(255) COLLATE utf8_bin NOT NULL,
  `expires` int(11) unsigned NOT NULL,
  `data` text COLLATE utf8_bin,
  PRIMARY KEY (`session_id`)
) ENGINE=InnoDB DEFAULT CHARSET=utf8 COLLATE=utf8_bin;

-- ----------------------------
--  Table structure for `signature`
-- ----------------------------
DROP TABLE IF EXISTS `signature`;
CREATE TABLE `signature` (
  `id` char(36) COLLATE utf8_bin NOT NULL,
  `path` varchar(255) COLLATE utf8_bin NOT NULL,
  `status` int(11) DEFAULT '1',
  `createdAt` datetime NOT NULL,
  `updatedAt` datetime NOT NULL,
  `accountId` varchar(255) COLLATE utf8_bin NOT NULL,
  PRIMARY KEY (`id`),
  KEY `accountId` (`accountId`),
  KEY `signature_path` (`path`) USING BTREE,
  KEY `signature_status` (`status`) USING BTREE,
  CONSTRAINT `signature_ibfk_1` FOREIGN KEY (`accountId`) REFERENCES `account` (`id`) ON DELETE NO ACTION ON UPDATE CASCADE
) ENGINE=InnoDB DEFAULT CHARSET=utf8 COLLATE=utf8_bin;

-- ----------------------------
--  Records of `signature`
-- ----------------------------
BEGIN;
INSERT INTO `signature` VALUES ('98c680b0-12a1-11e7-922d-e717b0d3d397', 'upload/20170327/1.png', '1', '2018-04-02 08:54:45', '2018-04-02 08:54:45', 'superMan'), ('98c6a7c0-12a1-11e7-922d-e717b0d3d397', 'upload/20170327/2.png', '1', '2018-04-02 08:54:45', '2018-04-02 08:54:45', 'shscan');
COMMIT;

-- ----------------------------
--  Table structure for `subject`
-- ----------------------------
DROP TABLE IF EXISTS `subject`;
CREATE TABLE `subject` (
  `id` char(36) COLLATE utf8_bin NOT NULL,
  `name` varchar(255) COLLATE utf8_bin DEFAULT NULL,
  `bankFlag` enum('y','n') COLLATE utf8_bin DEFAULT 'n',
  `description` varchar(255) COLLATE utf8_bin DEFAULT NULL,
  `code` varchar(255) COLLATE utf8_bin NOT NULL,
  `accountType` varchar(255) COLLATE utf8_bin DEFAULT NULL,
  `bankNum` varchar(255) COLLATE utf8_bin DEFAULT NULL,
  `bankCode` varchar(255) COLLATE utf8_bin DEFAULT NULL,
  `status` int(11) DEFAULT '1',
  `remark` varchar(255) COLLATE utf8_bin DEFAULT NULL,
  `createdAt` datetime NOT NULL,
  `updatedAt` datetime NOT NULL,
  `createdUsr` varchar(255) COLLATE utf8_bin DEFAULT NULL,
  `updatedUsr` varchar(255) COLLATE utf8_bin DEFAULT NULL,
  PRIMARY KEY (`id`),
  UNIQUE KEY `code` (`code`),
  UNIQUE KEY `subject_code_unique` (`code`),
  UNIQUE KEY `bankNum` (`bankNum`),
  UNIQUE KEY `subject_bankNum_unique` (`bankNum`),
  KEY `createdUsr` (`createdUsr`),
  KEY `updatedUsr` (`updatedUsr`),
  KEY `subject_name` (`name`) USING BTREE,
  KEY `subject_bank_flag` (`bankFlag`) USING BTREE,
  KEY `subject_code` (`code`) USING BTREE,
  KEY `subject_status` (`status`) USING BTREE,
  CONSTRAINT `subject_ibfk_1` FOREIGN KEY (`createdUsr`) REFERENCES `account` (`id`) ON DELETE SET NULL ON UPDATE CASCADE,
  CONSTRAINT `subject_ibfk_2` FOREIGN KEY (`updatedUsr`) REFERENCES `account` (`id`) ON DELETE SET NULL ON UPDATE CASCADE
) ENGINE=InnoDB DEFAULT CHARSET=utf8 COLLATE=utf8_bin;

-- ----------------------------
--  Records of `subject`
-- ----------------------------
BEGIN;
INSERT INTO `subject` VALUES ('111a73a0-06da-11e7-b23d-513f39f5849c', 'Description', 'n', null, 'Account', null, null, null, '1', null, '2018-04-02 08:54:59', '2018-04-02 08:54:59', null, null), ('222a73a0-06da-11e7-b23d-513f39f5849c', 'HSBC_CNY_GTB', 'y', null, '8110-0098', '11', '088-560396-011', 'HB', '1', null, '2018-04-02 08:54:59', '2018-04-02 08:54:59', null, null), ('85e67aa1-3653-11e8-90d4-e92c88fcffa8', 'BOC_CNY_GTB', 'y', null, '8110-201', '11', '444260849044', 'BC', '1', null, '2018-04-02 08:54:59', '2018-04-02 08:54:59', null, null), ('85e6a1b0-3653-11e8-90d4-e92c88fcffa8', 'BOC_USD_GTB', 'y', null, '8110-202', '12', '437760849017', 'BC', '1', null, '2018-04-02 08:54:59', '2018-04-02 08:54:59', null, null), ('85e6a1b1-3653-11e8-90d4-e92c88fcffa8', 'BOC_USD_CAPITAL_GTB', 'y', null, '8110-203', '13', '435160848962', 'BC', '1', null, '2018-04-02 08:54:59', '2018-04-02 08:54:59', null, null), ('85e6c8c0-3653-11e8-90d4-e92c88fcffa8', 'BOC_CONSTRUCTION_GTB', 'y', null, '8110-0091', '14', '445571948034', 'BC', '1', null, '2018-04-02 08:54:59', '2018-04-02 08:54:59', null, null), ('85e6c8c1-3653-11e8-90d4-e92c88fcffa8', 'CASH_CNY_GTB', 'y', null, '8120-001', '11', null, 'CA', '1', null, '2018-04-02 08:54:59', '2018-04-02 08:54:59', null, null), ('85e6c8c2-3653-11e8-90d4-e92c88fcffa8', 'HSBC_CNY_PR', 'y', null, '8110-0092', '11', '088-560396-012', 'HB', '1', null, '2018-04-02 08:54:59', '2018-04-02 08:54:59', null, null), ('85e6c8c4-3653-11e8-90d4-e92c88fcffa8', 'Media Billings - TV媒体收入', 'n', null, '1011-001', null, null, null, '1', null, '2018-04-02 08:54:59', '2018-04-02 08:54:59', null, null), ('85e6c8c5-3653-11e8-90d4-e92c88fcffa8', 'Media Billings - Outdoors媒体收入', 'n', null, '1011-002', null, null, null, '1', null, '2018-04-02 08:54:59', '2018-04-02 08:54:59', null, null), ('85e6c8c6-3653-11e8-90d4-e92c88fcffa8', 'Media Billings - Magazine媒体收入', 'n', null, '1011-003', null, null, null, '1', null, '2018-04-02 08:54:59', '2018-04-02 08:54:59', null, null), ('85e6c8c7-3653-11e8-90d4-e92c88fcffa8', 'Media Billings - Radio媒体收入', 'n', null, '1011-004', null, null, null, '1', null, '2018-04-02 08:54:59', '2018-04-02 08:54:59', null, null), ('85e6c8c8-3653-11e8-90d4-e92c88fcffa8', 'Media Billings - Other媒体收入', 'n', null, '1011-005', null, null, null, '1', null, '2018-04-02 08:54:59', '2018-04-02 08:54:59', null, null), ('85e6c8c9-3653-11e8-90d4-e92c88fcffa8', 'Media Billing - Press媒体收入', 'n', null, '1011-008', null, null, null, '1', null, '2018-04-02 08:54:59', '2018-04-02 08:54:59', null, null), ('85e6c8ca-3653-11e8-90d4-e92c88fcffa8', 'Production Billings - TV制作收入', 'n', null, '1021-001', null, null, null, '1', null, '2018-04-02 08:54:59', '2018-04-02 08:54:59', null, null), ('85e6c8cb-3653-11e8-90d4-e92c88fcffa8', 'Production Billings - Print制作收入', 'n', null, '1021-002', null, null, null, '1', null, '2018-04-02 08:54:59', '2018-04-02 08:54:59', null, null), ('85e6c8cc-3653-11e8-90d4-e92c88fcffa8', 'Production Billings - Finished Arts', 'n', null, '1021-003', null, null, null, '1', null, '2018-04-02 08:54:59', '2018-04-02 08:54:59', null, null), ('85e6c8cd-3653-11e8-90d4-e92c88fcffa8', 'Production Billings - Design制作收入', 'n', null, '1021-004', null, null, null, '1', null, '2018-04-02 08:54:59', '2018-04-02 08:54:59', null, null), ('85e6c8ce-3653-11e8-90d4-e92c88fcffa8', 'Production Billings - Supervision', 'n', null, '1021-005', null, null, null, '1', null, '2018-04-02 08:54:59', '2018-04-02 08:54:59', null, null), ('85e6c8cf-3653-11e8-90d4-e92c88fcffa8', 'Production Billings - Service制作收入', 'n', null, '1021-006', null, null, null, '1', null, '2018-04-02 08:54:59', '2018-04-02 08:54:59', null, null), ('85e6c8d0-3653-11e8-90d4-e92c88fcffa8', 'Production Billings - Other制作收入', 'n', null, '1021-007', null, null, null, '1', null, '2018-04-02 08:54:59', '2018-04-02 08:54:59', null, null), ('85e6c8d1-3653-11e8-90d4-e92c88fcffa8', 'Fee Billings - Retainer收入', 'n', null, '1031-001', null, null, null, '1', null, '2018-04-02 08:54:59', '2018-04-02 08:54:59', null, null), ('85e6c8d2-3653-11e8-90d4-e92c88fcffa8', 'Fee Billings - Interactive', 'n', null, '1031-002', null, null, null, '1', null, '2018-04-02 08:54:59', '2018-04-02 08:54:59', null, null), ('85e6c8d3-3653-11e8-90d4-e92c88fcffa8', 'Billing for MB', 'n', null, '1041-001', null, null, null, '1', null, '2018-04-02 08:54:59', '2018-04-02 08:54:59', null, null), ('85e6c8d4-3653-11e8-90d4-e92c88fcffa8', 'Production Billing - Website制作收入', 'n', null, '1051-001', null, null, null, '1', null, '2018-04-02 08:54:59', '2018-04-02 08:54:59', null, null), ('85e6c8d5-3653-11e8-90d4-e92c88fcffa8', 'Production billing - Design', 'n', null, '1051-002', null, null, null, '1', null, '2018-04-02 08:54:59', '2018-04-02 08:54:59', null, null), ('85e6c8d6-3653-11e8-90d4-e92c88fcffa8', 'Production billing - Sales Promotion', 'n', null, '1051-003', null, null, null, '1', null, '2018-04-02 08:54:59', '2018-04-02 08:54:59', null, null), ('85e6c8d7-3653-11e8-90d4-e92c88fcffa8', 'Production billing - Campaign制作收入', 'n', null, '1051-004', null, null, null, '1', null, '2018-04-02 08:54:59', '2018-04-02 08:54:59', null, null), ('85e6c8d8-3653-11e8-90d4-e92c88fcffa8', 'Production billing - PR', 'n', null, '1051-005', null, null, null, '1', null, '2018-04-02 08:54:59', '2018-04-02 08:54:59', null, null), ('85e6c8d9-3653-11e8-90d4-e92c88fcffa8', 'Production billing - Direct Mail', 'n', null, '1051-006', null, null, null, '1', null, '2018-04-02 08:54:59', '2018-04-02 08:54:59', null, null), ('85e6c8da-3653-11e8-90d4-e92c88fcffa8', 'Production billing - Other(IF)', 'n', null, '1051-007', null, null, null, '1', null, '2018-04-02 08:54:59', '2018-04-02 08:54:59', null, null), ('85e6c8db-3653-11e8-90d4-e92c88fcffa8', 'Rave Project billings', 'n', null, '1061-001', null, null, null, '1', null, '2018-04-02 08:54:59', '2018-04-02 08:54:59', null, null), ('85e6c8dc-3653-11e8-90d4-e92c88fcffa8', 'I/G Revenue HG', 'n', null, '1093-001', null, null, null, '1', null, '2018-04-02 08:54:59', '2018-04-02 08:54:59', null, null), ('85e6c8dd-3653-11e8-90d4-e92c88fcffa8', 'Media Cost of Billings - TV', 'n', null, '1111-001', null, null, null, '1', null, '2018-04-02 08:54:59', '2018-04-02 08:54:59', null, null), ('85e6c8de-3653-11e8-90d4-e92c88fcffa8', 'Media Cost of Billings - Outdoors', 'n', null, '1111-002', null, null, null, '1', null, '2018-04-02 08:54:59', '2018-04-02 08:54:59', null, null), ('85e6c8df-3653-11e8-90d4-e92c88fcffa8', 'Media Cost of Billings - Magazine', 'n', null, '1111-003', null, null, null, '1', null, '2018-04-02 08:54:59', '2018-04-02 08:54:59', null, null), ('85e6c8e0-3653-11e8-90d4-e92c88fcffa8', 'Media Cost of Billings - Radio', 'n', null, '1111-004', null, null, null, '1', null, '2018-04-02 08:54:59', '2018-04-02 08:54:59', null, null), ('85e6c8e1-3653-11e8-90d4-e92c88fcffa8', 'Media Cost of Billings - Other', 'n', null, '1111-005', null, null, null, '1', null, '2018-04-02 08:54:59', '2018-04-02 08:54:59', null, null), ('85e6c8e2-3653-11e8-90d4-e92c88fcffa8', 'Media cost of Billing - Press', 'n', null, '1111-008', null, null, null, '1', null, '2018-04-02 08:54:59', '2018-04-02 08:54:59', null, null), ('85e6c8e3-3653-11e8-90d4-e92c88fcffa8', 'Production Cost of Billings - TV制作成本', 'n', null, '1121-001', null, null, null, '1', null, '2018-04-02 08:54:59', '2018-04-02 08:54:59', null, null), ('85e6c8e4-3653-11e8-90d4-e92c88fcffa8', 'Production Cost of Billings - Print成本', 'n', null, '1121-002', null, null, null, '1', null, '2018-04-02 08:54:59', '2018-04-02 08:54:59', null, null), ('85e6c8e5-3653-11e8-90d4-e92c88fcffa8', 'Production CostofBillings-Finish Art成本', 'n', null, '1121-003', null, null, null, '1', null, '2018-04-02 08:54:59', '2018-04-02 08:54:59', null, null), ('85e6c8e6-3653-11e8-90d4-e92c88fcffa8', 'Production Cost of Billings - Design成本', 'n', null, '1121-004', null, null, null, '1', null, '2018-04-02 08:54:59', '2018-04-02 08:54:59', null, null), ('85e6c8e7-3653-11e8-90d4-e92c88fcffa8', 'Production CostofBillings-Supervisio成本', 'n', null, '1121-005', null, null, null, '1', null, '2018-04-02 08:54:59', '2018-04-02 08:54:59', null, null), ('85e6c8e8-3653-11e8-90d4-e92c88fcffa8', 'Production Cost of Billings -Service成本', 'n', null, '1121-006', null, null, null, '1', null, '2018-04-02 08:54:59', '2018-04-02 08:54:59', null, null), ('85e6c8e9-3653-11e8-90d4-e92c88fcffa8', 'Production Cost of Billings - Other成本', 'n', null, '1121-007', null, null, null, '1', null, '2018-04-02 08:54:59', '2018-04-02 08:54:59', null, null), ('85e6c8ea-3653-11e8-90d4-e92c88fcffa8', 'Cost for MB', 'n', null, '1141-001', null, null, null, '1', null, '2018-04-02 08:54:59', '2018-04-02 08:54:59', null, null), ('85e6c8eb-3653-11e8-90d4-e92c88fcffa8', 'Production Cost of Billing - Website成本', 'n', null, '1151-001', null, null, null, '1', null, '2018-04-02 08:54:59', '2018-04-02 08:54:59', null, null), ('85e6c8ec-3653-11e8-90d4-e92c88fcffa8', 'Production cost of billing - Design', 'n', null, '1151-002', null, null, null, '1', null, '2018-04-02 08:54:59', '2018-04-02 08:54:59', null, null), ('85e6c8ed-3653-11e8-90d4-e92c88fcffa8', 'Production cost of billing - Sale promot', 'n', null, '1151-003', null, null, null, '1', null, '2018-04-02 08:54:59', '2018-04-02 08:54:59', null, null), ('85e6c8ee-3653-11e8-90d4-e92c88fcffa8', 'Production cost of billing -Campaign成本', 'n', null, '1151-004', null, null, null, '1', null, '2018-04-02 08:54:59', '2018-04-02 08:54:59', null, null), ('85e6c8ef-3653-11e8-90d4-e92c88fcffa8', 'Production cost of biliing - PR', 'n', null, '1151-005', null, null, null, '1', null, '2018-04-02 08:54:59', '2018-04-02 08:54:59', null, null), ('85e6c8f0-3653-11e8-90d4-e92c88fcffa8', 'Production cost of billing - Direct Mail', 'n', null, '1151-006', null, null, null, '1', null, '2018-04-02 08:54:59', '2018-04-02 08:54:59', null, null), ('85e6efd0-3653-11e8-90d4-e92c88fcffa8', 'Production cost of billing - Other(IF)', 'n', null, '1151-007', null, null, null, '1', null, '2018-04-02 08:54:59', '2018-04-02 08:54:59', null, null), ('85e6efd1-3653-11e8-90d4-e92c88fcffa8', 'Rave project costs of billings', 'n', null, '1161-001', null, null, null, '1', null, '2018-04-02 08:54:59', '2018-04-02 08:54:59', null, null), ('85e6efd2-3653-11e8-90d4-e92c88fcffa8', 'Landor Cost of Service Billed 成本', 'n', null, '1171-001', null, null, null, '1', null, '2018-04-02 08:54:59', '2018-04-02 08:54:59', null, null), ('85e6efd3-3653-11e8-90d4-e92c88fcffa8', 'CAF Cost of Billing成本', 'n', null, '1171-002', null, null, null, '1', null, '2018-04-02 08:54:59', '2018-04-02 08:54:59', null, null), ('85e6efd4-3653-11e8-90d4-e92c88fcffa8', 'Media Revenue - TV', 'n', null, '1211-001', null, null, null, '1', null, '2018-04-02 08:54:59', '2018-04-02 08:54:59', null, null), ('85e6efd5-3653-11e8-90d4-e92c88fcffa8', 'Media Revenue - OD', 'n', null, '1211-002', null, null, null, '1', null, '2018-04-02 08:54:59', '2018-04-02 08:54:59', null, null), ('85e6efd6-3653-11e8-90d4-e92c88fcffa8', 'Media Revenue - Magazine', 'n', null, '1211-003', null, null, null, '1', null, '2018-04-02 08:54:59', '2018-04-02 08:54:59', null, null), ('85e6efd7-3653-11e8-90d4-e92c88fcffa8', 'Media Revenue - Radio', 'n', null, '1211-004', null, null, null, '1', null, '2018-04-02 08:54:59', '2018-04-02 08:54:59', null, null), ('85e6efd8-3653-11e8-90d4-e92c88fcffa8', 'Media Revenue - Other', 'n', null, '1211-005', null, null, null, '1', null, '2018-04-02 08:54:59', '2018-04-02 08:54:59', null, null), ('85e6efd9-3653-11e8-90d4-e92c88fcffa8', 'Media Revenue for Tax Billing', 'n', null, '1211-006', null, null, null, '1', null, '2018-04-02 08:54:59', '2018-04-02 08:54:59', null, null), ('85e6efda-3653-11e8-90d4-e92c88fcffa8', 'Agency rebate to MS', 'n', null, '1211-007', null, null, null, '1', null, '2018-04-02 08:54:59', '2018-04-02 08:54:59', null, null), ('85e6efdb-3653-11e8-90d4-e92c88fcffa8', 'Media Revenue - Press', 'n', null, '1211-008', null, null, null, '1', null, '2018-04-02 08:54:59', '2018-04-02 08:54:59', null, null), ('85e6efdc-3653-11e8-90d4-e92c88fcffa8', 'Production Revenue - TV收入', 'n', null, '1221-001', null, null, null, '1', null, '2018-04-02 08:54:59', '2018-04-02 08:54:59', null, null), ('85e6efdd-3653-11e8-90d4-e92c88fcffa8', 'Production Revenue - Print', 'n', null, '1221-002', null, null, null, '1', null, '2018-04-02 08:54:59', '2018-04-02 08:54:59', null, null), ('85e6efde-3653-11e8-90d4-e92c88fcffa8', 'Production Revenue - Finished Arts', 'n', null, '1221-003', null, null, null, '1', null, '2018-04-02 08:54:59', '2018-04-02 08:54:59', null, null), ('85e6efdf-3653-11e8-90d4-e92c88fcffa8', 'Production Revenue - Design收入', 'n', null, '1221-004', null, null, null, '1', null, '2018-04-02 08:54:59', '2018-04-02 08:54:59', null, null), ('85e6efe0-3653-11e8-90d4-e92c88fcffa8', 'Production Revenue - Supervision', 'n', null, '1221-005', null, null, null, '1', null, '2018-04-02 08:54:59', '2018-04-02 08:54:59', null, null), ('85e6efe1-3653-11e8-90d4-e92c88fcffa8', 'Production Revenue - Service收入', 'n', null, '1221-006', null, null, null, '1', null, '2018-04-02 08:54:59', '2018-04-02 08:54:59', null, null), ('85e6efe2-3653-11e8-90d4-e92c88fcffa8', 'Production Revnue - Other收入', 'n', null, '1221-007', null, null, null, '1', null, '2018-04-02 08:54:59', '2018-04-02 08:54:59', null, null), ('85e6efe3-3653-11e8-90d4-e92c88fcffa8', 'Production Revenue for Tax Billing收入', 'n', null, '1221-008', null, null, null, '1', null, '2018-04-02 08:54:59', '2018-04-02 08:54:59', null, null), ('85e6efe4-3653-11e8-90d4-e92c88fcffa8', 'Job Closure (P)/L收入', 'n', null, '1221-010', null, null, null, '1', null, '2018-04-02 08:54:59', '2018-04-02 08:54:59', null, null), ('85e6efe5-3653-11e8-90d4-e92c88fcffa8', 'Fee Billings - Production收入', 'n', null, '1231-001', null, null, null, '1', null, '2018-04-02 08:54:59', '2018-04-02 08:54:59', null, null), ('85e6efe6-3653-11e8-90d4-e92c88fcffa8', 'Production Revenue - Website收入', 'n', null, '1251-001', null, null, null, '1', null, '2018-04-02 08:54:59', '2018-04-02 08:54:59', null, null), ('85e6efe7-3653-11e8-90d4-e92c88fcffa8', 'Production revenue - Design', 'n', null, '1251-002', null, null, null, '1', null, '2018-04-02 08:54:59', '2018-04-02 08:54:59', null, null), ('85e6efe8-3653-11e8-90d4-e92c88fcffa8', 'Production revenue - Sales promotion', 'n', null, '1251-003', null, null, null, '1', null, '2018-04-02 08:54:59', '2018-04-02 08:54:59', null, null), ('85e6efe9-3653-11e8-90d4-e92c88fcffa8', 'Production revenue - Campaign收入', 'n', null, '1251-004', null, null, null, '1', null, '2018-04-02 08:54:59', '2018-04-02 08:54:59', null, null), ('85e6efea-3653-11e8-90d4-e92c88fcffa8', 'production revenue - PR', 'n', null, '1251-005', null, null, null, '1', null, '2018-04-02 08:54:59', '2018-04-02 08:54:59', null, null), ('85e6efeb-3653-11e8-90d4-e92c88fcffa8', 'Production revenue - Direct Mail', 'n', null, '1251-006', null, null, null, '1', null, '2018-04-02 08:54:59', '2018-04-02 08:54:59', null, null), ('85e6efec-3653-11e8-90d4-e92c88fcffa8', 'Production revenue - Other(IF)', 'n', null, '1251-007', null, null, null, '1', null, '2018-04-02 08:54:59', '2018-04-02 08:54:59', null, null), ('85e6efed-3653-11e8-90d4-e92c88fcffa8', 'Service Billed to Clients Landor收入', 'n', null, '1251-008', null, null, null, '1', null, '2018-04-02 08:54:59', '2018-04-02 08:54:59', null, null), ('85e6efee-3653-11e8-90d4-e92c88fcffa8', 'Rave project revenue', 'n', null, '1261-001', null, null, null, '1', null, '2018-04-02 08:54:59', '2018-04-02 08:54:59', null, null), ('85e6efef-3653-11e8-90d4-e92c88fcffa8', 'Discount Taken', 'n', null, '1300-001', null, null, null, '1', null, '2018-04-02 08:54:59', '2018-04-02 08:54:59', null, null), ('85e6eff0-3653-11e8-90d4-e92c88fcffa8', 'Discount Given', 'n', null, '1310-001', null, null, null, '1', null, '2018-04-02 08:54:59', '2018-04-02 08:54:59', null, null), ('85e6eff1-3653-11e8-90d4-e92c88fcffa8', 'Staff Salary - Account Handling工资', 'n', null, '1405-101', null, null, null, '1', null, '2018-04-02 08:54:59', '2018-04-02 08:54:59', null, null), ('85e6eff2-3653-11e8-90d4-e92c88fcffa8', 'Cost of Living - Account Handling工资', 'n', null, '1405-111', null, null, null, '1', null, '2018-04-02 08:54:59', '2018-04-02 08:54:59', null, null), ('85e6eff3-3653-11e8-90d4-e92c88fcffa8', 'Staff Salary - Creative工资', 'n', null, '1405-201', null, null, null, '1', null, '2018-04-02 08:54:59', '2018-04-02 08:54:59', null, null), ('85e6eff4-3653-11e8-90d4-e92c88fcffa8', 'Cost of Living - Creative工资', 'n', null, '1405-211', null, null, null, '1', null, '2018-04-02 08:54:59', '2018-04-02 08:54:59', null, null), ('85e6eff5-3653-11e8-90d4-e92c88fcffa8', 'Staff Salary - Productiion / Traffic工资', 'n', null, '1405-301', null, null, null, '1', null, '2018-04-02 08:54:59', '2018-04-02 08:54:59', null, null), ('85e6eff6-3653-11e8-90d4-e92c88fcffa8', 'Cost of Living - Production /Traffic工资', 'n', null, '1405-311', null, null, null, '1', null, '2018-04-02 08:54:59', '2018-04-02 08:54:59', null, null), ('85e6eff7-3653-11e8-90d4-e92c88fcffa8', 'Staff Salary - Media工资', 'n', null, '1405-401', null, null, null, '1', null, '2018-04-02 08:54:59', '2018-04-02 08:54:59', null, null), ('85e6eff8-3653-11e8-90d4-e92c88fcffa8', 'Cost of Living - Media工资', 'n', null, '1405-411', null, null, null, '1', null, '2018-04-02 08:54:59', '2018-04-02 08:54:59', null, null), ('85e6eff9-3653-11e8-90d4-e92c88fcffa8', 'Staff Salary - Research工资', 'n', null, '1405-501', null, null, null, '1', null, '2018-04-02 08:54:59', '2018-04-02 08:54:59', null, null), ('85e6effa-3653-11e8-90d4-e92c88fcffa8', 'Cost of Living - Research工资', 'n', null, '1405-511', null, null, null, '1', null, '2018-04-02 08:54:59', '2018-04-02 08:54:59', null, null), ('85e6effb-3653-11e8-90d4-e92c88fcffa8', 'Staff Salary - DPS/DIC工资', 'n', null, '1405-601', null, null, null, '1', null, '2018-04-02 08:54:59', '2018-04-02 08:54:59', null, null), ('85e6effc-3653-11e8-90d4-e92c88fcffa8', 'Cost of Living - DPS/DIC', 'n', null, '1405-611', null, null, null, '1', null, '2018-04-02 08:54:59', '2018-04-02 08:54:59', null, null), ('85e716e0-3653-11e8-90d4-e92c88fcffa8', 'Staff Salary for Image Factory', 'n', null, '1405-621', null, null, null, '1', null, '2018-04-02 08:54:59', '2018-04-02 08:54:59', null, null), ('85e716e1-3653-11e8-90d4-e92c88fcffa8', 'Staff Salary - Event Market', 'n', null, '1405-631', null, null, null, '1', null, '2018-04-02 08:54:59', '2018-04-02 08:54:59', null, null), ('85e716e2-3653-11e8-90d4-e92c88fcffa8', 'Staff Salary - General Management工资', 'n', null, '1405-701', null, null, null, '1', null, '2018-04-02 08:54:59', '2018-04-02 08:54:59', null, null), ('85e716e3-3653-11e8-90d4-e92c88fcffa8', 'Cost of Living - General Management工资', 'n', null, '1405-711', null, null, null, '1', null, '2018-04-02 08:54:59', '2018-04-02 08:54:59', null, null), ('85e716e4-3653-11e8-90d4-e92c88fcffa8', 'Staff Salary - Finance & Admin工资', 'n', null, '1405-801', null, null, null, '1', null, '2018-04-02 08:54:59', '2018-04-02 08:54:59', null, null), ('85e716e5-3653-11e8-90d4-e92c88fcffa8', 'Cost of Living - Finance & Admin', 'n', null, '1405-811', null, null, null, '1', null, '2018-04-02 08:54:59', '2018-04-02 08:54:59', null, null), ('85e716e6-3653-11e8-90d4-e92c88fcffa8', 'Staff Overtime Taxi', 'n', null, '1405-901', null, null, null, '1', null, '2018-04-02 08:54:59', '2018-04-02 08:54:59', null, null), ('85e716e7-3653-11e8-90d4-e92c88fcffa8', 'Over Time - Dinner', 'n', null, '1405-911', null, null, null, '1', null, '2018-04-02 08:54:59', '2018-04-02 08:54:59', null, null), ('85e716e8-3653-11e8-90d4-e92c88fcffa8', 'Staff Medical Expense', 'n', null, '1405-921', null, null, null, '1', null, '2018-04-02 08:54:59', '2018-04-02 08:54:59', null, null), ('85e716e9-3653-11e8-90d4-e92c88fcffa8', 'Client Taxi 差旅费', 'n', null, '1405-931', null, null, null, '1', null, '2018-04-02 08:54:59', '2018-04-02 08:54:59', null, null), ('85e716ea-3653-11e8-90d4-e92c88fcffa8', 'Salary - MS Management', 'n', null, '1406-101', null, null, null, '1', null, '2018-04-02 08:54:59', '2018-04-02 08:54:59', null, null), ('85e716eb-3653-11e8-90d4-e92c88fcffa8', 'MS Cost of Living - Management', 'n', null, '1406-111', null, null, null, '1', null, '2018-04-02 08:54:59', '2018-04-02 08:54:59', null, null), ('85e716ec-3653-11e8-90d4-e92c88fcffa8', 'Salary - MS Planning', 'n', null, '1406-201', null, null, null, '1', null, '2018-04-02 08:54:59', '2018-04-02 08:54:59', null, null), ('85e716ed-3653-11e8-90d4-e92c88fcffa8', 'MS Cost of Living - MS Planning', 'n', null, '1406-211', null, null, null, '1', null, '2018-04-02 08:54:59', '2018-04-02 08:54:59', null, null), ('85e716ee-3653-11e8-90d4-e92c88fcffa8', 'Salary - MS Mone', 'n', null, '1406-301', null, null, null, '1', null, '2018-04-02 08:54:59', '2018-04-02 08:54:59', null, null), ('85e716ef-3653-11e8-90d4-e92c88fcffa8', 'MS Cost of Living - Mone', 'n', null, '1406-311', null, null, null, '1', null, '2018-04-02 08:54:59', '2018-04-02 08:54:59', null, null), ('85e716f0-3653-11e8-90d4-e92c88fcffa8', 'Salary - MS ATG', 'n', null, '1406-401', null, null, null, '1', null, '2018-04-02 08:54:59', '2018-04-02 08:54:59', null, null), ('85e716f1-3653-11e8-90d4-e92c88fcffa8', 'MS Cost of Living - ATG', 'n', null, '1406-411', null, null, null, '1', null, '2018-04-02 08:54:59', '2018-04-02 08:54:59', null, null), ('85e716f2-3653-11e8-90d4-e92c88fcffa8', 'Salary - MS Broadmind', 'n', null, '1406-501', null, null, null, '1', null, '2018-04-02 08:54:59', '2018-04-02 08:54:59', null, null), ('85e716f3-3653-11e8-90d4-e92c88fcffa8', 'MS Cost of Living - Broadmind', 'n', null, '1406-511', null, null, null, '1', null, '2018-04-02 08:54:59', '2018-04-02 08:54:59', null, null), ('85e716f4-3653-11e8-90d4-e92c88fcffa8', 'Salary - MS Finance & Admin', 'n', null, '1406-601', null, null, null, '1', null, '2018-04-02 08:54:59', '2018-04-02 08:54:59', null, null), ('85e716f5-3653-11e8-90d4-e92c88fcffa8', 'MS Cost of Living - Finance & Admin', 'n', null, '1406-611', null, null, null, '1', null, '2018-04-02 08:54:59', '2018-04-02 08:54:59', null, null), ('85e716f6-3653-11e8-90d4-e92c88fcffa8', 'Salary - MS IT', 'n', null, '1406-701', null, null, null, '1', null, '2018-04-02 08:54:59', '2018-04-02 08:54:59', null, null), ('85e716f7-3653-11e8-90d4-e92c88fcffa8', 'MS Cost of Living - IT', 'n', null, '1406-711', null, null, null, '1', null, '2018-04-02 08:54:59', '2018-04-02 08:54:59', null, null), ('85e716f8-3653-11e8-90d4-e92c88fcffa8', 'Salary - MS Buying', 'n', null, '1406-801', null, null, null, '1', null, '2018-04-02 08:54:59', '2018-04-02 08:54:59', null, null), ('85e716f9-3653-11e8-90d4-e92c88fcffa8', 'MS Cost of Living - Buying', 'n', null, '1406-811', null, null, null, '1', null, '2018-04-02 08:54:59', '2018-04-02 08:54:59', null, null), ('85e716fa-3653-11e8-90d4-e92c88fcffa8', 'Salary - MS Outdoor', 'n', null, '1406-901', null, null, null, '1', null, '2018-04-02 08:54:59', '2018-04-02 08:54:59', null, null), ('85e716fb-3653-11e8-90d4-e92c88fcffa8', 'MS Cost of Living - Outdoor', 'n', null, '1406-911', null, null, null, '1', null, '2018-04-02 08:54:59', '2018-04-02 08:54:59', null, null), ('85e73df0-3653-11e8-90d4-e92c88fcffa8', 'Salary - MS Research', 'n', null, '1406-A01', null, null, null, '1', null, '2018-04-02 08:54:59', '2018-04-02 08:54:59', null, null), ('85e73df1-3653-11e8-90d4-e92c88fcffa8', 'MS Cost of Living - Research', 'n', null, '1406-A11', null, null, null, '1', null, '2018-04-02 08:54:59', '2018-04-02 08:54:59', null, null), ('85e73df2-3653-11e8-90d4-e92c88fcffa8', 'Salary - MS Unilever TV', 'n', null, '1406-B01', null, null, null, '1', null, '2018-04-02 08:54:59', '2018-04-02 08:54:59', null, null), ('85e73df3-3653-11e8-90d4-e92c88fcffa8', 'MS Cost of Living - Unilever TV', 'n', null, '1406-B11', null, null, null, '1', null, '2018-04-02 08:54:59', '2018-04-02 08:54:59', null, null), ('85e73df4-3653-11e8-90d4-e92c88fcffa8', 'MS Salary - Maxus', 'n', null, '1406-C01', null, null, null, '1', null, '2018-04-02 08:54:59', '2018-04-02 08:54:59', null, null), ('85e73df5-3653-11e8-90d4-e92c88fcffa8', 'MS Cost of Living - Maxus', 'n', null, '1406-C11', null, null, null, '1', null, '2018-04-02 08:54:59', '2018-04-02 08:54:59', null, null), ('85e73df6-3653-11e8-90d4-e92c88fcffa8', 'Staff Salay -Landor-Account Handling工资', 'n', null, '1407-101', null, null, null, '1', null, '2018-04-02 08:54:59', '2018-04-02 08:54:59', null, null), ('85e73df7-3653-11e8-90d4-e92c88fcffa8', 'Staff Salary - Landor - New Business工资', 'n', null, '1407-201', null, null, null, '1', null, '2018-04-02 08:54:59', '2018-04-02 08:54:59', null, null), ('85e73df8-3653-11e8-90d4-e92c88fcffa8', 'Staff Salary - Local Paid', 'n', null, '1408-001', null, null, null, '1', null, '2018-04-02 08:54:59', '2018-04-02 08:54:59', null, null), ('85e73df9-3653-11e8-90d4-e92c88fcffa8', 'Staff Salary - Detroit Paid', 'n', null, '1408-002', null, null, null, '1', null, '2018-04-02 08:54:59', '2018-04-02 08:54:59', null, null), ('85e73dfa-3653-11e8-90d4-e92c88fcffa8', 'Employer\'s Social Taxes社保费', 'n', null, '1410-001', null, null, null, '1', null, '2018-04-02 08:54:59', '2018-04-02 08:54:59', null, null), ('85e73dfb-3653-11e8-90d4-e92c88fcffa8', 'Pensions养老金', 'n', null, '1420-001', null, null, null, '1', null, '2018-04-02 08:54:59', '2018-04-02 08:54:59', null, null), ('85e73dfc-3653-11e8-90d4-e92c88fcffa8', 'Severances离职费', 'n', null, '1425-001', null, null, null, '1', null, '2018-04-02 08:54:59', '2018-04-02 08:54:59', null, null), ('85e73dfd-3653-11e8-90d4-e92c88fcffa8', 'Freelance / Temporary Help临时工', 'n', null, '1440-001', null, null, null, '1', null, '2018-04-02 08:54:59', '2018-04-02 08:54:59', null, null), ('85e73dfe-3653-11e8-90d4-e92c88fcffa8', 'Freelance - Aiyi临时工', 'n', null, '1440-0011', null, null, null, '1', null, '2018-04-02 08:54:59', '2018-04-02 08:54:59', null, null), ('85e73dff-3653-11e8-90d4-e92c88fcffa8', 'Freelance for Temp Aryi', 'n', null, '1440-0012', null, null, null, '1', null, '2018-04-02 08:54:59', '2018-04-02 08:54:59', null, null), ('85e73e00-3653-11e8-90d4-e92c88fcffa8', 'Freelance - Operation临时工', 'n', null, '1440-0013', null, null, null, '1', null, '2018-04-02 08:54:59', '2018-04-02 08:54:59', null, null), ('85e73e01-3653-11e8-90d4-e92c88fcffa8', 'Freelance for Finance & IT', 'n', null, '1440-0014', null, null, null, '1', null, '2018-04-02 08:54:59', '2018-04-02 08:54:59', null, null), ('85e73e02-3653-11e8-90d4-e92c88fcffa8', 'Freelance for Creative临时工', 'n', null, '1440-0015', null, null, null, '1', null, '2018-04-02 08:54:59', '2018-04-02 08:54:59', null, null), ('85e73e03-3653-11e8-90d4-e92c88fcffa8', 'Sales Commissions / Spot Bonuses', 'n', null, '1450-001', null, null, null, '1', null, '2018-04-02 08:54:59', '2018-04-02 08:54:59', null, null), ('85e73e04-3653-11e8-90d4-e92c88fcffa8', 'Short Term Incentive Bonuses奖金', 'n', null, '1451-001', null, null, null, '1', null, '2018-04-02 08:54:59', '2018-04-02 08:54:59', null, null), ('85e73e05-3653-11e8-90d4-e92c88fcffa8', 'recruitment Fee招聘费', 'n', null, '1452-001', null, null, null, '1', null, '2018-04-02 08:54:59', '2018-04-02 08:54:59', null, null), ('85e73e06-3653-11e8-90d4-e92c88fcffa8', 'Recruitment Fee - Internal内部招聘', 'n', null, '1452-002', null, null, null, '1', null, '2018-04-02 08:54:59', '2018-04-02 08:54:59', null, null), ('85e73e07-3653-11e8-90d4-e92c88fcffa8', 'I/Co. Time of Staff - INTRA 内部员工成本', 'n', null, '1460-001', null, null, null, '1', null, '2018-04-02 08:54:59', '2018-04-02 08:54:59', null, null), ('85e73e08-3653-11e8-90d4-e92c88fcffa8', 'I/Co. Time of Staff - INTER 内部员工成本', 'n', null, '1460-002', null, null, null, '1', null, '2018-04-02 08:54:59', '2018-04-02 08:54:59', null, null), ('85e73e09-3653-11e8-90d4-e92c88fcffa8', 'Other Staff Costs其他员工成本', 'n', null, '1470-001', null, null, null, '1', null, '2018-04-02 08:54:59', '2018-04-02 08:54:59', null, null), ('85e73e0a-3653-11e8-90d4-e92c88fcffa8', 'Other Staff Costs - Charge to Landor', 'n', null, '1470-0011', null, null, null, '1', null, '2018-04-02 08:54:59', '2018-04-02 08:54:59', null, null), ('85e73e0b-3653-11e8-90d4-e92c88fcffa8', 'Other Staff Costs - China Partner', 'n', null, '1470-0012', null, null, null, '1', null, '2018-04-02 08:54:59', '2018-04-02 08:54:59', null, null), ('85e73e0c-3653-11e8-90d4-e92c88fcffa8', 'Other Staff Costs - PRC Finance', 'n', null, '1470-0013', null, null, null, '1', null, '2018-04-02 08:54:59', '2018-04-02 08:54:59', null, null), ('85e73e0d-3653-11e8-90d4-e92c88fcffa8', 'Other Staff Costs - BJ HQ Charge', 'n', null, '1470-0014', null, null, null, '1', null, '2018-04-02 08:54:59', '2018-04-02 08:54:59', null, null), ('85e73e0e-3653-11e8-90d4-e92c88fcffa8', 'Other Staff Costs - Pepsi GZ', 'n', null, '1470-0015', null, null, null, '1', null, '2018-04-02 08:54:59', '2018-04-02 08:54:59', null, null), ('85e73e0f-3653-11e8-90d4-e92c88fcffa8', 'Other Staff Costs - Siemens GZ', 'n', null, '1470-0016', null, null, null, '1', null, '2018-04-02 08:54:59', '2018-04-02 08:54:59', null, null), ('85e73e10-3653-11e8-90d4-e92c88fcffa8', 'Other Staff Costs - Unicharm GZ', 'n', null, '1470-0017', null, null, null, '1', null, '2018-04-02 08:54:59', '2018-04-02 08:54:59', null, null), ('85e73e11-3653-11e8-90d4-e92c88fcffa8', 'Other Staff Costs - Unicharm BJ', 'n', null, '1470-0018', null, null, null, '1', null, '2018-04-02 08:54:59', '2018-04-02 08:54:59', null, null), ('85e73e12-3653-11e8-90d4-e92c88fcffa8', 'Holiday Pay', 'n', null, '1470-0019', null, null, null, '1', null, '2018-04-02 08:54:59', '2018-04-02 08:54:59', null, null), ('85e73e13-3653-11e8-90d4-e92c88fcffa8', 'Other Staff Costs - Staff Cost WHT', 'n', null, '1470-002', null, null, null, '1', null, '2018-04-02 08:54:59', '2018-04-02 08:54:59', null, null), ('85e73e14-3653-11e8-90d4-e92c88fcffa8', 'Other Staff Costs - VISA/Tax Break', 'n', null, '1470-003', null, null, null, '1', null, '2018-04-02 08:54:59', '2018-04-02 08:54:59', null, null), ('85e73e15-3653-11e8-90d4-e92c88fcffa8', 'Other Staff Costs - WPP Allocation', 'n', null, '1470-004', null, null, null, '1', null, '2018-04-02 08:54:59', '2018-04-02 08:54:59', null, null), ('85e73e16-3653-11e8-90d4-e92c88fcffa8', 'Other Staff Costs - Disabled Personnel', 'n', null, '1470-005', null, null, null, '1', null, '2018-04-02 08:54:59', '2018-04-02 08:54:59', null, null), ('85e73e17-3653-11e8-90d4-e92c88fcffa8', 'Other Staff Costs - Agent fees', 'n', null, '1470-006', null, null, null, '1', null, '2018-04-02 08:54:59', '2018-04-02 08:54:59', null, null), ('85e73e18-3653-11e8-90d4-e92c88fcffa8', 'Other Staff Costs - Others', 'n', null, '1470-007', null, null, null, '1', null, '2018-04-02 08:54:59', '2018-04-02 08:54:59', null, null), ('85e76500-3653-11e8-90d4-e92c88fcffa8', 'Employee relocation expenses', 'n', null, '1471-001', null, null, null, '1', null, '2018-04-02 08:54:59', '2018-04-02 08:54:59', null, null), ('85e76501-3653-11e8-90d4-e92c88fcffa8', 'Benefits - Overtime福利', 'n', null, '1480-001', null, null, null, '1', null, '2018-04-02 08:54:59', '2018-04-02 08:54:59', null, null), ('85e76502-3653-11e8-90d4-e92c88fcffa8', 'Benefits - House Allowance福利', 'n', null, '1480-002', null, null, null, '1', null, '2018-04-02 08:54:59', '2018-04-02 08:54:59', null, null), ('85e76503-3653-11e8-90d4-e92c88fcffa8', 'Benefits - Home Leave Allowance福利', 'n', null, '1480-003', null, null, null, '1', null, '2018-04-02 08:54:59', '2018-04-02 08:54:59', null, null), ('85e76504-3653-11e8-90d4-e92c88fcffa8', 'Benefits - Car Park Allowance福利', 'n', null, '1480-004', null, null, null, '1', null, '2018-04-02 08:54:59', '2018-04-02 08:54:59', null, null), ('85e76505-3653-11e8-90d4-e92c88fcffa8', 'Benefits - Expatriate Positioning福利', 'n', null, '1480-005', null, null, null, '1', null, '2018-04-02 08:54:59', '2018-04-02 08:54:59', null, null), ('85e76506-3653-11e8-90d4-e92c88fcffa8', 'Benefits - Medical福利', 'n', null, '1480-006', null, null, null, '1', null, '2018-04-02 08:54:59', '2018-04-02 08:54:59', null, null), ('85e76507-3653-11e8-90d4-e92c88fcffa8', 'Benefits - Membership & Subscriptions', 'n', null, '1480-007', null, null, null, '1', null, '2018-04-02 08:54:59', '2018-04-02 08:54:59', null, null), ('85e76508-3653-11e8-90d4-e92c88fcffa8', 'Benefits - Other Allowance福利', 'n', null, '1480-008', null, null, null, '1', null, '2018-04-02 08:54:59', '2018-04-02 08:54:59', null, null), ('85e76509-3653-11e8-90d4-e92c88fcffa8', 'Benefits - Local Meal Allowance', 'n', null, '1480-009', null, null, null, '1', null, '2018-04-02 08:54:59', '2018-04-02 08:54:59', null, null), ('85e7650a-3653-11e8-90d4-e92c88fcffa8', 'Benefits - Expat COLA', 'n', null, '1480-010', null, null, null, '1', null, '2018-04-02 08:54:59', '2018-04-02 08:54:59', null, null), ('85e7650b-3653-11e8-90d4-e92c88fcffa8', 'Benefits - Education', 'n', null, '1480-011', null, null, null, '1', null, '2018-04-02 08:54:59', '2018-04-02 08:54:59', null, null), ('85e7650c-3653-11e8-90d4-e92c88fcffa8', 'Benefits - China IIT', 'n', null, '1480-012', null, null, null, '1', null, '2018-04-02 08:54:59', '2018-04-02 08:54:59', null, null), ('85e7650d-3653-11e8-90d4-e92c88fcffa8', 'Benefits - Hypo Tax', 'n', null, '1480-013', null, null, null, '1', null, '2018-04-02 08:54:59', '2018-04-02 08:54:59', null, null), ('85e7650e-3653-11e8-90d4-e92c88fcffa8', 'Benefits - Pension', 'n', null, '1480-014', null, null, null, '1', null, '2018-04-02 08:54:59', '2018-04-02 08:54:59', null, null), ('85e7650f-3653-11e8-90d4-e92c88fcffa8', 'Benefits - FICA & Match Saving', 'n', null, '1480-015', null, null, null, '1', null, '2018-04-02 08:54:59', '2018-04-02 08:54:59', null, null), ('85e76510-3653-11e8-90d4-e92c88fcffa8', 'Benefits - Property Mgt', 'n', null, '1480-016', null, null, null, '1', null, '2018-04-02 08:54:59', '2018-04-02 08:54:59', null, null), ('85e76511-3653-11e8-90d4-e92c88fcffa8', 'Benefits - Others', 'n', null, '1480-017', null, null, null, '1', null, '2018-04-02 08:54:59', '2018-04-02 08:54:59', null, null), ('85e76512-3653-11e8-90d4-e92c88fcffa8', 'Car Costs/Leases - Fixed Rental ', 'n', null, '1485-001', null, null, null, '1', null, '2018-04-02 08:54:59', '2018-04-02 08:54:59', null, null), ('85e76513-3653-11e8-90d4-e92c88fcffa8', 'Car Costs/Leases - Parking', 'n', null, '1485-002', null, null, null, '1', null, '2018-04-02 08:54:59', '2018-04-02 08:54:59', null, null), ('85e76514-3653-11e8-90d4-e92c88fcffa8', 'Car Costs/Leases - Operating Costs', 'n', null, '1485-003', null, null, null, '1', null, '2018-04-02 08:54:59', '2018-04-02 08:54:59', null, null), ('85e76515-3653-11e8-90d4-e92c88fcffa8', 'Car Costs/Leases - Temporary Car Costs', 'n', null, '1485-004', null, null, null, '1', null, '2018-04-02 08:54:59', '2018-04-02 08:54:59', null, null), ('85e76516-3653-11e8-90d4-e92c88fcffa8', 'Car Depreciation', 'n', null, '1486-001', null, null, null, '1', null, '2018-04-02 08:54:59', '2018-04-02 08:54:59', null, null), ('85e76517-3653-11e8-90d4-e92c88fcffa8', 'Medical - Medical Insurance', 'n', null, '1487-001', null, null, null, '1', null, '2018-04-02 08:54:59', '2018-04-02 08:54:59', null, null), ('85e76518-3653-11e8-90d4-e92c88fcffa8', 'Medical - Life Insurance', 'n', null, '1487-002', null, null, null, '1', null, '2018-04-02 08:54:59', '2018-04-02 08:54:59', null, null), ('85e76519-3653-11e8-90d4-e92c88fcffa8', 'Medical - Fitness', 'n', null, '1487-003', null, null, null, '1', null, '2018-04-02 08:54:59', '2018-04-02 08:54:59', null, null), ('85e7651a-3653-11e8-90d4-e92c88fcffa8', 'Medical - Teeth Cleaning', 'n', null, '1487-004', null, null, null, '1', null, '2018-04-02 08:54:59', '2018-04-02 08:54:59', null, null), ('85e7651b-3653-11e8-90d4-e92c88fcffa8', 'Medical - Glasses', 'n', null, '1487-005', null, null, null, '1', null, '2018-04-02 08:54:59', '2018-04-02 08:54:59', null, null), ('85e7651c-3653-11e8-90d4-e92c88fcffa8', 'Medical - Annual Health Check', 'n', null, '1487-006', null, null, null, '1', null, '2018-04-02 08:54:59', '2018-04-02 08:54:59', null, null), ('85e7651d-3653-11e8-90d4-e92c88fcffa8', 'Rent办公室租金', 'n', null, '1500-001', null, null, null, '1', null, '2018-04-02 08:54:59', '2018-04-02 08:54:59', null, null), ('85e7651e-3653-11e8-90d4-e92c88fcffa8', 'Rates', 'n', null, '1501-001', null, null, null, '1', null, '2018-04-02 08:54:59', '2018-04-02 08:54:59', null, null), ('85e7651f-3653-11e8-90d4-e92c88fcffa8', 'Management Fee物业管理费', 'n', null, '1502-001', null, null, null, '1', null, '2018-04-02 08:54:59', '2018-04-02 08:54:59', null, null), ('85e76520-3653-11e8-90d4-e92c88fcffa8', 'Building Depreciation房屋折旧', 'n', null, '1510-001', null, null, null, '1', null, '2018-04-02 08:54:59', '2018-04-02 08:54:59', null, null), ('85e76521-3653-11e8-90d4-e92c88fcffa8', 'Dilapidations(back to normal cost)重置费', 'n', null, '1515-001', null, null, null, '1', null, '2018-04-02 08:54:59', '2018-04-02 08:54:59', null, null), ('85e78c10-3653-11e8-90d4-e92c88fcffa8', 'Electricity电费', 'n', null, '1520-001', null, null, null, '1', null, '2018-04-02 08:54:59', '2018-04-02 08:54:59', null, null), ('85e78c11-3653-11e8-90d4-e92c88fcffa8', 'Office Cleaning清洁费', 'n', null, '1521-001', null, null, null, '1', null, '2018-04-02 08:54:59', '2018-04-02 08:54:59', null, null), ('85e78c12-3653-11e8-90d4-e92c88fcffa8', 'Office Flowers办公室鲜花', 'n', null, '1521-002', null, null, null, '1', null, '2018-04-02 08:54:59', '2018-04-02 08:54:59', null, null), ('85e78c13-3653-11e8-90d4-e92c88fcffa8', 'Bike Parking', 'n', null, '1521-003', null, null, null, '1', null, '2018-04-02 08:54:59', '2018-04-02 08:54:59', null, null), ('85e78c14-3653-11e8-90d4-e92c88fcffa8', 'Other Utilities办公费', 'n', null, '1522-001', null, null, null, '1', null, '2018-04-02 08:54:59', '2018-04-02 08:54:59', null, null), ('85e78c15-3653-11e8-90d4-e92c88fcffa8', 'Repairs & Renewals维修费', 'n', null, '1530-001', null, null, null, '1', null, '2018-04-02 08:54:59', '2018-04-02 08:54:59', null, null), ('85e78c16-3653-11e8-90d4-e92c88fcffa8', 'I/C Service & Facilities公司内部服务费', 'n', null, '1540-001', null, null, null, '1', null, '2018-04-02 08:54:59', '2018-04-02 08:54:59', null, null), ('85e78c17-3653-11e8-90d4-e92c88fcffa8', 'Other Establishment Costs其他设施费', 'n', null, '1550-001', null, null, null, '1', null, '2018-04-02 08:54:59', '2018-04-02 08:54:59', null, null), ('85e78c18-3653-11e8-90d4-e92c88fcffa8', 'Travel差旅费', 'n', null, '1600-001', null, null, null, '1', null, '2018-04-02 08:54:59', '2018-04-02 08:54:59', null, null), ('85e78c19-3653-11e8-90d4-e92c88fcffa8', 'Travel - Finance差旅费', 'n', null, '1600-002', null, null, null, '1', null, '2018-04-02 08:54:59', '2018-04-02 08:54:59', null, null), ('85e78c1a-3653-11e8-90d4-e92c88fcffa8', 'Travel - Management差旅费', 'n', null, '1600-003', null, null, null, '1', null, '2018-04-02 08:54:59', '2018-04-02 08:54:59', null, null), ('85e78c1b-3653-11e8-90d4-e92c88fcffa8', 'Travel for Account Service差旅费', 'n', null, '1600-004', null, null, null, '1', null, '2018-04-02 08:54:59', '2018-04-02 08:54:59', null, null), ('85e78c1c-3653-11e8-90d4-e92c88fcffa8', 'Travel for Strategy & Planning差旅费', 'n', null, '1600-005', null, null, null, '1', null, '2018-04-02 08:54:59', '2018-04-02 08:54:59', null, null), ('85e78c1d-3653-11e8-90d4-e92c88fcffa8', 'Travel for Creative Department差旅费', 'n', null, '1600-006', null, null, null, '1', null, '2018-04-02 08:54:59', '2018-04-02 08:54:59', null, null), ('85e78c1e-3653-11e8-90d4-e92c88fcffa8', 'Travel for IT and Admin差旅费', 'n', null, '1600-007', null, null, null, '1', null, '2018-04-02 08:54:59', '2018-04-02 08:54:59', null, null), ('85e78c1f-3653-11e8-90d4-e92c88fcffa8', 'Travel for China Partner差旅费', 'n', null, '1600-008', null, null, null, '1', null, '2018-04-02 08:54:59', '2018-04-02 08:54:59', null, null), ('85e78c20-3653-11e8-90d4-e92c88fcffa8', 'Travel for Regional Staff 差旅费', 'n', null, '1600-009', null, null, null, '1', null, '2018-04-02 08:54:59', '2018-04-02 08:54:59', null, null), ('85e78c21-3653-11e8-90d4-e92c88fcffa8', 'Travel Client meetings差旅费-客户', 'n', null, '1600-101', null, null, null, '1', null, '2018-04-02 08:54:59', '2018-04-02 08:54:59', null, null), ('85e78c22-3653-11e8-90d4-e92c88fcffa8', 'Travel Internal meetings/conferences差旅国外', 'n', null, '1600-102', null, null, null, '1', null, '2018-04-02 08:54:59', '2018-04-02 08:54:59', null, null), ('85e78c23-3653-11e8-90d4-e92c88fcffa8', 'Travel Other差旅费-其他', 'n', null, '1600-103', null, null, null, '1', null, '2018-04-02 08:54:59', '2018-04-02 08:54:59', null, null), ('85e78c24-3653-11e8-90d4-e92c88fcffa8', 'Travel - Business Travel', 'n', null, '1600-201', null, null, null, '1', null, '2018-04-02 08:54:59', '2018-04-02 08:54:59', null, null), ('85e7b320-3653-11e8-90d4-e92c88fcffa8', 'Travel - Business Travel Tickets Fee', 'n', null, '1600-202', null, null, null, '1', null, '2018-04-02 08:54:59', '2018-04-02 08:54:59', null, null), ('85e7b321-3653-11e8-90d4-e92c88fcffa8', 'Travel - Recruitment', 'n', null, '1600-203', null, null, null, '1', null, '2018-04-02 08:54:59', '2018-04-02 08:54:59', null, null), ('85e7b322-3653-11e8-90d4-e92c88fcffa8', 'Travel - Home Leave', 'n', null, '1600-204', null, null, null, '1', null, '2018-04-02 08:54:59', '2018-04-02 08:54:59', null, null), ('85e7b323-3653-11e8-90d4-e92c88fcffa8', 'Travel - Local Transportation', 'n', null, '1600-205', null, null, null, '1', null, '2018-04-02 08:54:59', '2018-04-02 08:54:59', null, null), ('85e7b324-3653-11e8-90d4-e92c88fcffa8', 'Travel - OT taxi', 'n', null, '1600-206', null, null, null, '1', null, '2018-04-02 08:54:59', '2018-04-02 08:54:59', null, null), ('85e7b325-3653-11e8-90d4-e92c88fcffa8', 'Travel - Others', 'n', null, '1600-207', null, null, null, '1', null, '2018-04-02 08:54:59', '2018-04-02 08:54:59', null, null), ('85e7b326-3653-11e8-90d4-e92c88fcffa8', 'Travel - Business Travel Hotel', 'n', null, '1600-208', null, null, null, '1', null, '2018-04-02 08:54:59', '2018-04-02 08:54:59', null, null), ('85e7b327-3653-11e8-90d4-e92c88fcffa8', 'Allowrance津贴', 'n', null, '1604-001', null, null, null, '1', null, '2018-04-02 08:54:59', '2018-04-02 08:54:59', null, null), ('85e7b328-3653-11e8-90d4-e92c88fcffa8', 'Housing', 'n', null, '1604-002', null, null, null, '1', null, '2018-04-02 08:54:59', '2018-04-02 08:54:59', null, null), ('85e7b329-3653-11e8-90d4-e92c88fcffa8', 'Hypo Housing', 'n', null, '1604-003', null, null, null, '1', null, '2018-04-02 08:54:59', '2018-04-02 08:54:59', null, null), ('85e7b32a-3653-11e8-90d4-e92c88fcffa8', 'Entertainment - Others & Personal应酬费', 'n', null, '1605-001', null, null, null, '1', null, '2018-04-02 08:54:59', '2018-04-02 08:54:59', null, null), ('85e7b32b-3653-11e8-90d4-e92c88fcffa8', 'Entertainment - China Partner应酬费', 'n', null, '1620-001', null, null, null, '1', null, '2018-04-02 08:54:59', '2018-04-02 08:54:59', null, null), ('85e7b32c-3653-11e8-90d4-e92c88fcffa8', 'Entertainment - China Finance&Fin应酬费', 'n', null, '1620-002', null, null, null, '1', null, '2018-04-02 08:54:59', '2018-04-02 08:54:59', null, null), ('85e7b32d-3653-11e8-90d4-e92c88fcffa8', 'Entertainment - Management应酬费', 'n', null, '1620-003', null, null, null, '1', null, '2018-04-02 08:54:59', '2018-04-02 08:54:59', null, null), ('85e7b32e-3653-11e8-90d4-e92c88fcffa8', 'Entertainment - Account Service应酬费', 'n', null, '1620-004', null, null, null, '1', null, '2018-04-02 08:54:59', '2018-04-02 08:54:59', null, null), ('85e7b32f-3653-11e8-90d4-e92c88fcffa8', 'Entertainment - Strategy&Planning应酬费', 'n', null, '1620-005', null, null, null, '1', null, '2018-04-02 08:54:59', '2018-04-02 08:54:59', null, null), ('85e7b330-3653-11e8-90d4-e92c88fcffa8', 'Entertainment - Creative & CSU应酬费', 'n', null, '1620-006', null, null, null, '1', null, '2018-04-02 08:54:59', '2018-04-02 08:54:59', null, null), ('85e7b331-3653-11e8-90d4-e92c88fcffa8', 'Staff Training - Travel培训差旅费', 'n', null, '1630-001', null, null, null, '1', null, '2018-04-02 08:54:59', '2018-04-02 08:54:59', null, null), ('85e7b332-3653-11e8-90d4-e92c88fcffa8', 'Staff Training - Accommodation培训住宿费', 'n', null, '1630-002', null, null, null, '1', null, '2018-04-02 08:54:59', '2018-04-02 08:54:59', null, null), ('85e7da30-3653-11e8-90d4-e92c88fcffa8', 'Staff Training - Course Fee课程费', 'n', null, '1630-003', null, null, null, '1', null, '2018-04-02 08:54:59', '2018-04-02 08:54:59', null, null), ('85e7da31-3653-11e8-90d4-e92c88fcffa8', 'Staff Training - Annual Review Board', 'n', null, '1630-004', null, null, null, '1', null, '2018-04-02 08:54:59', '2018-04-02 08:54:59', null, null), ('85e7da32-3653-11e8-90d4-e92c88fcffa8', 'Staff Training - Subscribtion', 'n', null, '1630-005', null, null, null, '1', null, '2018-04-02 08:54:59', '2018-04-02 08:54:59', null, null), ('85e7da33-3653-11e8-90d4-e92c88fcffa8', 'Staff Training - IT & SM', 'n', null, '1630-006', null, null, null, '1', null, '2018-04-02 08:54:59', '2018-04-02 08:54:59', null, null), ('85e7da34-3653-11e8-90d4-e92c88fcffa8', 'Staff Training - Others培训费', 'n', null, '1630-007', null, null, null, '1', null, '2018-04-02 08:54:59', '2018-04-02 08:54:59', null, null), ('85e7da35-3653-11e8-90d4-e92c88fcffa8', 'Staff Training - Annual Traning program', 'n', null, '1630-008', null, null, null, '1', null, '2018-04-02 08:54:59', '2018-04-02 08:54:59', null, null), ('85e7da36-3653-11e8-90d4-e92c88fcffa8', 'Staff Training - Mini MBA', 'n', null, '1630-009', null, null, null, '1', null, '2018-04-02 08:54:59', '2018-04-02 08:54:59', null, null), ('85e7da37-3653-11e8-90d4-e92c88fcffa8', 'Staff Training - Team Specific Program', 'n', null, '1630-010', null, null, null, '1', null, '2018-04-02 08:54:59', '2018-04-02 08:54:59', null, null), ('85e7da38-3653-11e8-90d4-e92c88fcffa8', 'Staff Training - Lunch and Learn', 'n', null, '1630-011', null, null, null, '1', null, '2018-04-02 08:54:59', '2018-04-02 08:54:59', null, null), ('85e7da39-3653-11e8-90d4-e92c88fcffa8', 'Other Personal Costs其他人事费用', 'n', null, '1640-001', null, null, null, '1', null, '2018-04-02 08:54:59', '2018-04-02 08:54:59', null, null), ('85e7da3a-3653-11e8-90d4-e92c88fcffa8', 'Membership dues and subscription', 'n', null, '1641-001', null, null, null, '1', null, '2018-04-02 08:54:59', '2018-04-02 08:54:59', null, null), ('85e7da3b-3653-11e8-90d4-e92c88fcffa8', 'Employee flower/gifts', 'n', null, '1642-001', null, null, null, '1', null, '2018-04-02 08:54:59', '2018-04-02 08:54:59', null, null), ('85e7da3c-3653-11e8-90d4-e92c88fcffa8', 'I/C Personal Costs Rechg公司内部人事费用', 'n', null, '1644-001', null, null, null, '1', null, '2018-04-02 08:54:59', '2018-04-02 08:54:59', null, null), ('85e7da3d-3653-11e8-90d4-e92c88fcffa8', 'Advertising & Promotion - Award Entry Fe', 'n', null, '1700-001', null, null, null, '1', null, '2018-04-02 08:54:59', '2018-04-02 08:54:59', null, null), ('85e7da3e-3653-11e8-90d4-e92c88fcffa8', 'Adver.& Pro. - Direct MB & JWT Brand.', 'n', null, '1700-002', null, null, null, '1', null, '2018-04-02 08:54:59', '2018-04-02 08:54:59', null, null), ('85e7da3f-3653-11e8-90d4-e92c88fcffa8', 'Adver. & Pro. - Frame', 'n', null, '1700-003', null, null, null, '1', null, '2018-04-02 08:54:59', '2018-04-02 08:54:59', null, null), ('85e7da40-3653-11e8-90d4-e92c88fcffa8', 'Adver. & Pro. - JWT Campaign', 'n', null, '1700-004', null, null, null, '1', null, '2018-04-02 08:54:59', '2018-04-02 08:54:59', null, null), ('85e7da41-3653-11e8-90d4-e92c88fcffa8', 'Adver. & Pro - EW & GC Web Site', 'n', null, '1700-005', null, null, null, '1', null, '2018-04-02 08:54:59', '2018-04-02 08:54:59', null, null), ('85e7da42-3653-11e8-90d4-e92c88fcffa8', 'Adver. & Pro. - Others广告促销费', 'n', null, '1700-006', null, null, null, '1', null, '2018-04-02 08:54:59', '2018-04-02 08:54:59', null, null), ('85e7da43-3653-11e8-90d4-e92c88fcffa8', 'Bad Debts坏帐费用', 'n', null, '1710-001', null, null, null, '1', null, '2018-04-02 08:54:59', '2018-04-02 08:54:59', null, null), ('85e7da44-3653-11e8-90d4-e92c88fcffa8', 'Non-Billable Production不可收客户费用', 'n', null, '1730-001', null, null, null, '1', null, '2018-04-02 08:54:59', '2018-04-02 08:54:59', null, null), ('85e7da45-3653-11e8-90d4-e92c88fcffa8', 'Non-Billable Prod-Illustration不可收插画', 'n', null, '1730-002', null, null, null, '1', null, '2018-04-02 08:54:59', '2018-04-02 08:54:59', null, null), ('85e7da46-3653-11e8-90d4-e92c88fcffa8', 'WIP > 180 days', 'n', null, '1732-001', null, null, null, '1', null, '2018-04-02 08:54:59', '2018-04-02 08:54:59', null, null), ('85e7da47-3653-11e8-90d4-e92c88fcffa8', 'Other Commercial Costs商业费用', 'n', null, '1740-001', null, null, null, '1', null, '2018-04-02 08:54:59', '2018-04-02 08:54:59', null, null), ('85e7da48-3653-11e8-90d4-e92c88fcffa8', 'Other Commercial Costs商业费用 - Management ', 'n', null, '1740-002', null, null, null, '1', null, '2018-04-02 08:54:59', '2018-04-02 08:54:59', null, null), ('85e7da49-3653-11e8-90d4-e92c88fcffa8', 'Other Commercial Costs商业费用 - Client Work', 'n', null, '1740-003', null, null, null, '1', null, '2018-04-02 08:54:59', '2018-04-02 08:54:59', null, null), ('85e7da4a-3653-11e8-90d4-e92c88fcffa8', 'Corporate membership subscriptions', 'n', null, '1741-001', null, null, null, '1', null, '2018-04-02 08:54:59', '2018-04-02 08:54:59', null, null), ('85e7da4b-3653-11e8-90d4-e92c88fcffa8', 'Award shows参赛费', 'n', null, '1743-001', null, null, null, '1', null, '2018-04-02 08:54:59', '2018-04-02 08:54:59', null, null), ('85e7da4c-3653-11e8-90d4-e92c88fcffa8', 'New business Accommodation and subsisten', 'n', null, '1750-001', null, null, null, '1', null, '2018-04-02 08:54:59', '2018-04-02 08:54:59', null, null), ('85e7da4d-3653-11e8-90d4-e92c88fcffa8', 'New business Consultants or Freelances o', 'n', null, '1750-002', null, null, null, '1', null, '2018-04-02 08:54:59', '2018-04-02 08:54:59', null, null), ('85e7da4e-3653-11e8-90d4-e92c88fcffa8', 'New business Other新业务开发', 'n', null, '1750-003', null, null, null, '1', null, '2018-04-02 08:54:59', '2018-04-02 08:54:59', null, null), ('85e7da4f-3653-11e8-90d4-e92c88fcffa8', 'New business Production', 'n', null, '1750-004', null, null, null, '1', null, '2018-04-02 08:54:59', '2018-04-02 08:54:59', null, null), ('85e7da50-3653-11e8-90d4-e92c88fcffa8', 'New business Travel', 'n', null, '1750-005', null, null, null, '1', null, '2018-04-02 08:54:59', '2018-04-02 08:54:59', null, null), ('85e7da51-3653-11e8-90d4-e92c88fcffa8', 'Research Cost - SRG Ad Bank', 'n', null, '1760-001', null, null, null, '1', null, '2018-04-02 08:54:59', '2018-04-02 08:54:59', null, null), ('85e7da52-3653-11e8-90d4-e92c88fcffa8', 'Research Cost - Tapes', 'n', null, '1760-002', null, null, null, '1', null, '2018-04-02 08:54:59', '2018-04-02 08:54:59', null, null), ('85e7da53-3653-11e8-90d4-e92c88fcffa8', 'Research Cost - In Focus Group', 'n', null, '1760-003', null, null, null, '1', null, '2018-04-02 08:54:59', '2018-04-02 08:54:59', null, null), ('85e7da54-3653-11e8-90d4-e92c88fcffa8', 'Research Cost - Others调研费', 'n', null, '1760-004', null, null, null, '1', null, '2018-04-02 08:54:59', '2018-04-02 08:54:59', null, null), ('85e7da55-3653-11e8-90d4-e92c88fcffa8', 'I/C commercial costs公司内部商业费用', 'n', null, '1770-001', null, null, null, '1', null, '2018-04-02 08:54:59', '2018-04-02 08:54:59', null, null), ('85e7da56-3653-11e8-90d4-e92c88fcffa8', 'I/G Media Buying Fees', 'n', null, '1785-001', null, null, null, '1', null, '2018-04-02 08:54:59', '2018-04-02 08:54:59', null, null), ('85e7da57-3653-11e8-90d4-e92c88fcffa8', 'Stationery / Office Supplies办公费', 'n', null, '1800-001', null, null, null, '1', null, '2018-04-02 08:54:59', '2018-04-02 08:54:59', null, null), ('85e7da58-3653-11e8-90d4-e92c88fcffa8', 'Printings印刷费', 'n', null, '1800-002', null, null, null, '1', null, '2018-04-02 08:54:59', '2018-04-02 08:54:59', null, null), ('85e7da59-3653-11e8-90d4-e92c88fcffa8', 'Arts Materials办公费', 'n', null, '1800-003', null, null, null, '1', null, '2018-04-02 08:54:59', '2018-04-02 08:54:59', null, null), ('85e7da5a-3653-11e8-90d4-e92c88fcffa8', 'Stationery - Tapes', 'n', null, '1800-004', null, null, null, '1', null, '2018-04-02 08:54:59', '2018-04-02 08:54:59', null, null), ('85e7da5b-3653-11e8-90d4-e92c88fcffa8', 'Stationery - Others办公费', 'n', null, '1800-005', null, null, null, '1', null, '2018-04-02 08:54:59', '2018-04-02 08:54:59', null, null), ('85e7da5c-3653-11e8-90d4-e92c88fcffa8', 'I/C office costs recharges公司内部办公室费用', 'n', null, '1800-009', null, null, null, '1', null, '2018-04-02 08:54:59', '2018-04-02 08:54:59', null, null), ('85e7da5d-3653-11e8-90d4-e92c88fcffa8', 'Equipment Lease (non Motor)', 'n', null, '1810-001', null, null, null, '1', null, '2018-04-02 08:54:59', '2018-04-02 08:54:59', null, null), ('85e7da5e-3653-11e8-90d4-e92c88fcffa8', 'Maintenance - Copiers维护费', 'n', null, '1820-001', null, null, null, '1', null, '2018-04-02 08:54:59', '2018-04-02 08:54:59', null, null), ('85e7da5f-3653-11e8-90d4-e92c88fcffa8', 'Maintenance - Others维护费', 'n', null, '1820-002', null, null, null, '1', null, '2018-04-02 08:54:59', '2018-04-02 08:54:59', null, null), ('85e7da60-3653-11e8-90d4-e92c88fcffa8', 'Maintenance/Service-ComputerEquip维护费', 'n', null, '1820-003', null, null, null, '1', null, '2018-04-02 08:54:59', '2018-04-02 08:54:59', null, null), ('85e7da61-3653-11e8-90d4-e92c88fcffa8', 'Soft & Hardware-ComputerMaintenace维护费', 'n', null, '1830-001', null, null, null, '1', null, '2018-04-02 08:54:59', '2018-04-02 08:54:59', null, null), ('85e7da62-3653-11e8-90d4-e92c88fcffa8', 'Soft & Hardware-IT Equipment Lease', 'n', null, '1830-002', null, null, null, '1', null, '2018-04-02 08:54:59', '2018-04-02 08:54:59', null, null), ('85e7da63-3653-11e8-90d4-e92c88fcffa8', 'Soft & Hardware-CreativeMaintenace维护费', 'n', null, '1830-003', null, null, null, '1', null, '2018-04-02 08:54:59', '2018-04-02 08:54:59', null, null), ('85e7da64-3653-11e8-90d4-e92c88fcffa8', 'Soft & Hardware - Finance', 'n', null, '1830-004', null, null, null, '1', null, '2018-04-02 08:54:59', '2018-04-02 08:54:59', null, null), ('85e7da65-3653-11e8-90d4-e92c88fcffa8', 'Soft & Hardware - Software etc.维护费', 'n', null, '1830-005', null, null, null, '1', null, '2018-04-02 08:54:59', '2018-04-02 08:54:59', null, null), ('85e7da66-3653-11e8-90d4-e92c88fcffa8', 'Soft & Hardware - Others维护费', 'n', null, '1830-006', null, null, null, '1', null, '2018-04-02 08:54:59', '2018-04-02 08:54:59', null, null), ('85e7da67-3653-11e8-90d4-e92c88fcffa8', 'Depreciation - Computer 电脑折旧费', 'n', null, '1840-001', null, null, null, '1', null, '2018-04-02 08:54:59', '2018-04-02 08:54:59', null, null), ('85e7da68-3653-11e8-90d4-e92c88fcffa8', 'Depriation-Furniture&Fixture办公家具折旧', 'n', null, '1840-002', null, null, null, '1', null, '2018-04-02 08:54:59', '2018-04-02 08:54:59', null, null), ('85e7da69-3653-11e8-90d4-e92c88fcffa8', 'Amortization - Leasehold Improvement', 'n', null, '1840-003', null, null, null, '1', null, '2018-04-02 08:54:59', '2018-04-02 08:54:59', null, null), ('85e80140-3653-11e8-90d4-e92c88fcffa8', 'Telephone & Fax - IDD & DDD电话费', 'n', null, '1850-001', null, null, null, '1', null, '2018-04-02 08:54:59', '2018-04-02 08:54:59', null, null), ('85e80141-3653-11e8-90d4-e92c88fcffa8', 'Telephone & Fax - Lease Line电话费', 'n', null, '1850-002', null, null, null, '1', null, '2018-04-02 08:54:59', '2018-04-02 08:54:59', null, null), ('85e80142-3653-11e8-90d4-e92c88fcffa8', 'Telephone & Fax - Mobile Phone电话费', 'n', null, '1850-003', null, null, null, '1', null, '2018-04-02 08:54:59', '2018-04-02 08:54:59', null, null), ('85e80143-3653-11e8-90d4-e92c88fcffa8', 'Tel & Fax - Others', 'n', null, '1850-004', null, null, null, '1', null, '2018-04-02 08:54:59', '2018-04-02 08:54:59', null, null), ('85e80144-3653-11e8-90d4-e92c88fcffa8', 'Data Communication Cost 电话费', 'n', null, '1855-001', null, null, null, '1', null, '2018-04-02 08:54:59', '2018-04-02 08:54:59', null, null), ('85e80145-3653-11e8-90d4-e92c88fcffa8', 'Postage - EMS邮寄费', 'n', null, '1860-001', null, null, null, '1', null, '2018-04-02 08:54:59', '2018-04-02 08:54:59', null, null), ('85e80146-3653-11e8-90d4-e92c88fcffa8', 'Postage - Local Courier邮寄费', 'n', null, '1860-002', null, null, null, '1', null, '2018-04-02 08:54:59', '2018-04-02 08:54:59', null, null), ('85e80147-3653-11e8-90d4-e92c88fcffa8', 'Postage - Others邮寄费', 'n', null, '1860-003', null, null, null, '1', null, '2018-04-02 08:54:59', '2018-04-02 08:54:59', null, null), ('85e80148-3653-11e8-90d4-e92c88fcffa8', 'Group Finance System Costs', 'n', null, '1864-001', null, null, null, '1', null, '2018-04-02 08:54:59', '2018-04-02 08:54:59', null, null), ('85e80149-3653-11e8-90d4-e92c88fcffa8', 'Other IT & Communication Costs信息费', 'n', null, '1865-001', null, null, null, '1', null, '2018-04-02 08:54:59', '2018-04-02 08:54:59', null, null), ('85e8014a-3653-11e8-90d4-e92c88fcffa8', 'Industry Costs', 'n', null, '1870-001', null, null, null, '1', null, '2018-04-02 08:54:59', '2018-04-02 08:54:59', null, null), ('85e8014b-3653-11e8-90d4-e92c88fcffa8', 'Newspaper & Clippings 报刊费', 'n', null, '1870-002', null, null, null, '1', null, '2018-04-02 08:54:59', '2018-04-02 08:54:59', null, null), ('85e8014c-3653-11e8-90d4-e92c88fcffa8', 'Air freight', 'n', null, '1870-003', null, null, null, '1', null, '2018-04-02 08:54:59', '2018-04-02 08:54:59', null, null), ('85e8014d-3653-11e8-90d4-e92c88fcffa8', 'Library & Reference Materials', 'n', null, '1870-004', null, null, null, '1', null, '2018-04-02 08:54:59', '2018-04-02 08:54:59', null, null), ('85e8014e-3653-11e8-90d4-e92c88fcffa8', 'Audio / Visual Costs', 'n', null, '1870-005', null, null, null, '1', null, '2018-04-02 08:54:59', '2018-04-02 08:54:59', null, null), ('85e8014f-3653-11e8-90d4-e92c88fcffa8', 'Photography', 'n', null, '1870-006', null, null, null, '1', null, '2018-04-02 08:54:59', '2018-04-02 08:54:59', null, null), ('85e80150-3653-11e8-90d4-e92c88fcffa8', 'Awards Entry Costs', 'n', null, '1870-007', null, null, null, '1', null, '2018-04-02 08:54:59', '2018-04-02 08:54:59', null, null), ('85e80151-3653-11e8-90d4-e92c88fcffa8', 'Miscellaneous杂费', 'n', null, '1870-008', null, null, null, '1', null, '2018-04-02 08:54:59', '2018-04-02 08:54:59', null, null), ('85e80152-3653-11e8-90d4-e92c88fcffa8', 'China Partner', 'n', null, '1870-009', null, null, null, '1', null, '2018-04-02 08:54:59', '2018-04-02 08:54:59', null, null), ('85e80153-3653-11e8-90d4-e92c88fcffa8', 'Photocopies (B/W)', 'n', null, '1885-001', null, null, null, '1', null, '2018-04-02 08:54:59', '2018-04-02 08:54:59', null, null), ('85e80154-3653-11e8-90d4-e92c88fcffa8', 'Photocopies (Colour)', 'n', null, '1885-002', null, null, null, '1', null, '2018-04-02 08:54:59', '2018-04-02 08:54:59', null, null), ('85e80155-3653-11e8-90d4-e92c88fcffa8', 'Xerox Printing equipment lease', 'n', null, '1885-101', null, null, null, '1', null, '2018-04-02 08:54:59', '2018-04-02 08:54:59', null, null), ('85e80156-3653-11e8-90d4-e92c88fcffa8', 'Xerox Printing equipment cost incl maint', 'n', null, '1885-102', null, null, null, '1', null, '2018-04-02 08:54:59', '2018-04-02 08:54:59', null, null), ('85e80157-3653-11e8-90d4-e92c88fcffa8', 'Xerox Printing other', 'n', null, '1885-103', null, null, null, '1', null, '2018-04-02 08:54:59', '2018-04-02 08:54:59', null, null), ('85e80158-3653-11e8-90d4-e92c88fcffa8', 'Other print suppliers Printing equipment', 'n', null, '1885-201', null, null, null, '1', null, '2018-04-02 08:54:59', '2018-04-02 08:54:59', null, null), ('85e80159-3653-11e8-90d4-e92c88fcffa8', 'Other print suppliers Printing equipment', 'n', null, '1885-202', null, null, null, '1', null, '2018-04-02 08:54:59', '2018-04-02 08:54:59', null, null), ('85e8015a-3653-11e8-90d4-e92c88fcffa8', 'Other print suppliers Printing other', 'n', null, '1885-203', null, null, null, '1', null, '2018-04-02 08:54:59', '2018-04-02 08:54:59', null, null), ('85e8015b-3653-11e8-90d4-e92c88fcffa8', 'Outsourced Business System外包系统费', 'n', null, '1886-001', null, null, null, '1', null, '2018-04-02 08:54:59', '2018-04-02 08:54:59', null, null), ('85e8015c-3653-11e8-90d4-e92c88fcffa8', 'Inter-company IT costs recharges', 'n', null, '1886-005', null, null, null, '1', null, '2018-04-02 08:54:59', '2018-04-02 08:54:59', null, null), ('85e8015d-3653-11e8-90d4-e92c88fcffa8', 'Outsourced IT Service', 'n', null, '1887-001', null, null, null, '1', null, '2018-04-02 08:54:59', '2018-04-02 08:54:59', null, null), ('85e8015e-3653-11e8-90d4-e92c88fcffa8', 'WPP Business Services/IBM costs', 'n', null, '1888-001', null, null, null, '1', null, '2018-04-02 08:54:59', '2018-04-02 08:54:59', null, null), ('85e82850-3653-11e8-90d4-e92c88fcffa8', 'Audit Fees审计费', 'n', null, '1900-001', null, null, null, '1', null, '2018-04-02 08:54:59', '2018-04-02 08:54:59', null, null), ('85e82851-3653-11e8-90d4-e92c88fcffa8', 'Tax Filing Fees', 'n', null, '1900-002', null, null, null, '1', null, '2018-04-02 08:54:59', '2018-04-02 08:54:59', null, null), ('85e82852-3653-11e8-90d4-e92c88fcffa8', 'Accountancy Costs会计成本', 'n', null, '1910-001', null, null, null, '1', null, '2018-04-02 08:54:59', '2018-04-02 08:54:59', null, null), ('85e82853-3653-11e8-90d4-e92c88fcffa8', 'Legal Fees - JV', 'n', null, '1920-001', null, null, null, '1', null, '2018-04-02 08:54:59', '2018-04-02 08:54:59', null, null), ('85e82854-3653-11e8-90d4-e92c88fcffa8', 'Legal Fee律师费', 'n', null, '1920-002', null, null, null, '1', null, '2018-04-02 08:54:59', '2018-04-02 08:54:59', null, null), ('85e82855-3653-11e8-90d4-e92c88fcffa8', 'Legal Fee - AA', 'n', null, '1920-003', null, null, null, '1', null, '2018-04-02 08:54:59', '2018-04-02 08:54:59', null, null), ('85e82856-3653-11e8-90d4-e92c88fcffa8', 'Legal - Others律师费', 'n', null, '1920-004', null, null, null, '1', null, '2018-04-02 08:54:59', '2018-04-02 08:54:59', null, null), ('85e82857-3653-11e8-90d4-e92c88fcffa8', 'Acquisition Advisory cost', 'n', null, '1922-001', null, null, null, '1', null, '2018-04-02 08:54:59', '2018-04-02 08:54:59', null, null), ('85e82858-3653-11e8-90d4-e92c88fcffa8', 'Insurance Property财产保险', 'n', null, '1930-001', null, null, null, '1', null, '2018-04-02 08:54:59', '2018-04-02 08:54:59', null, null), ('85e82859-3653-11e8-90d4-e92c88fcffa8', 'Insurance - People', 'n', null, '1930-002', null, null, null, '1', null, '2018-04-02 08:54:59', '2018-04-02 08:54:59', null, null), ('85e8285a-3653-11e8-90d4-e92c88fcffa8', 'Bank Charges银行手续费', 'n', null, '1935-001', null, null, null, '1', null, '2018-04-02 08:54:59', '2018-04-02 08:54:59', null, null), ('85e8285b-3653-11e8-90d4-e92c88fcffa8', 'Other Finance / General Costs办公费', 'n', null, '1940-001', null, null, null, '1', null, '2018-04-02 08:54:59', '2018-04-02 08:54:59', null, null), ('85e8285c-3653-11e8-90d4-e92c88fcffa8', 'I/C finance costs recharges公司内部财务费用', 'n', null, '1950-001', null, null, null, '1', null, '2018-04-02 08:54:59', '2018-04-02 08:54:59', null, null), ('85e8285d-3653-11e8-90d4-e92c88fcffa8', 'Co-ordination Costs协调费', 'n', null, '1971-001', null, null, null, '1', null, '2018-04-02 08:54:59', '2018-04-02 08:54:59', null, null), ('85e8285e-3653-11e8-90d4-e92c88fcffa8', 'Co-codination O/H Reverse协调费冲回', 'n', null, '1971-011', null, null, null, '1', null, '2018-04-02 08:54:59', '2018-04-02 08:54:59', null, null), ('85e8285f-3653-11e8-90d4-e92c88fcffa8', 'Regional OH Allocation Costs地区成本分配', 'n', null, '1972-001', null, null, null, '1', null, '2018-04-02 08:54:59', '2018-04-02 08:54:59', null, null), ('85e82860-3653-11e8-90d4-e92c88fcffa8', 'Reginal Overhead Reverse地区成本冲回', 'n', null, '1972-011', null, null, null, '1', null, '2018-04-02 08:54:59', '2018-04-02 08:54:59', null, null), ('85e82861-3653-11e8-90d4-e92c88fcffa8', 'Worldwide OverheadAllocation全球成本分配', 'n', null, '1973-001', null, null, null, '1', null, '2018-04-02 08:54:59', '2018-04-02 08:54:59', null, null), ('85e82862-3653-11e8-90d4-e92c88fcffa8', 'Worldwide Overhead Reverse全球成本冲回', 'n', null, '1973-011', null, null, null, '1', null, '2018-04-02 08:54:59', '2018-04-02 08:54:59', null, null), ('85e82863-3653-11e8-90d4-e92c88fcffa8', 'Exceptional Items', 'n', null, '1991-001', null, null, null, '1', null, '2018-04-02 08:54:59', '2018-04-02 08:54:59', null, null), ('85e82864-3653-11e8-90d4-e92c88fcffa8', '(Gains) / Losses on Sale FA 营业外收支', 'n', null, '1992-001', null, null, null, '1', null, '2018-04-02 08:54:59', '2018-04-02 08:54:59', null, null), ('85e82865-3653-11e8-90d4-e92c88fcffa8', 'Exchange(Gains)/Losses-Realized汇兑损益 ', 'n', null, '1993-001', null, null, null, '1', null, '2018-04-02 08:54:59', '2018-04-02 08:54:59', null, null), ('85e82866-3653-11e8-90d4-e92c88fcffa8', 'I/G Exchange (Gains)/Losses 汇兑损益', 'n', null, '1993-002', null, null, null, '1', null, '2018-04-02 08:54:59', '2018-04-02 08:54:59', null, null), ('85e82867-3653-11e8-90d4-e92c88fcffa8', 'Goodwill Amortization', 'n', null, '1994-001', null, null, null, '1', null, '2018-04-02 08:54:59', '2018-04-02 08:54:59', null, null), ('85e82868-3653-11e8-90d4-e92c88fcffa8', 'Landor Managment fee - BAV License', 'n', null, '1995-001', null, null, null, '1', null, '2018-04-02 08:54:59', '2018-04-02 08:54:59', null, null), ('85e82869-3653-11e8-90d4-e92c88fcffa8', 'Equity Income (Loss)', 'n', null, '1996-001', null, null, null, '1', null, '2018-04-02 08:54:59', '2018-04-02 08:54:59', null, null), ('85e8286a-3653-11e8-90d4-e92c88fcffa8', 'Other (Income) / Expenses其他收入', 'n', null, '1998-001', null, null, null, '1', null, '2018-04-02 08:54:59', '2018-04-02 08:54:59', null, null), ('85e8286b-3653-11e8-90d4-e92c88fcffa8', 'MPLB Adjustment管理层调整', 'n', null, '1998-002', null, null, null, '1', null, '2018-04-02 08:54:59', '2018-04-02 08:54:59', null, null), ('85e8286c-3653-11e8-90d4-e92c88fcffa8', 'Other Income 其他收入', 'n', null, '1998-003', null, null, null, '1', null, '2018-04-02 08:54:59', '2018-04-02 08:54:59', null, null);
INSERT INTO `subject` VALUES ('85e8286d-3653-11e8-90d4-e92c88fcffa8', 'Revenue for MPLB Reverse 管理层收入冲回', 'n', null, '1998-012', null, null, null, '1', null, '2018-04-02 08:54:59', '2018-04-02 08:54:59', null, null), ('85e8286e-3653-11e8-90d4-e92c88fcffa8', 'External Interest Income外部利息收入', 'n', null, '2291-001', null, null, null, '1', null, '2018-04-02 08:54:59', '2018-04-02 08:54:59', null, null), ('85e8286f-3653-11e8-90d4-e92c88fcffa8', 'I/G Interest Income', 'n', null, '2292-001', null, null, null, '1', null, '2018-04-02 08:54:59', '2018-04-02 08:54:59', null, null), ('85e82870-3653-11e8-90d4-e92c88fcffa8', 'External Interest Expenses', 'n', null, '2294-001', null, null, null, '1', null, '2018-04-02 08:54:59', '2018-04-02 08:54:59', null, null), ('85e82871-3653-11e8-90d4-e92c88fcffa8', 'I/G Interest Expenses', 'n', null, '2294-002', null, null, null, '1', null, '2018-04-02 08:54:59', '2018-04-02 08:54:59', null, null), ('85e82872-3653-11e8-90d4-e92c88fcffa8', 'HP / Lease Interest Expenses', 'n', null, '2294-003', null, null, null, '1', null, '2018-04-02 08:54:59', '2018-04-02 08:54:59', null, null), ('85e82873-3653-11e8-90d4-e92c88fcffa8', 'Tax Expense - BT & UCT营业税及河道税', 'n', null, '2600-001', null, null, null, '1', null, '2018-04-02 08:54:59', '2018-04-02 08:54:59', null, null), ('85e82874-3653-11e8-90d4-e92c88fcffa8', 'Tax Expenses - Stamp Duty印花税', 'n', null, '2600-002', null, null, null, '1', null, '2018-04-02 08:54:59', '2018-04-02 08:54:59', null, null), ('85e82875-3653-11e8-90d4-e92c88fcffa8', 'Tax - Income Tax', 'n', null, '2600-003', null, null, null, '1', null, '2018-04-02 08:54:59', '2018-04-02 08:54:59', null, null), ('85e82876-3653-11e8-90d4-e92c88fcffa8', 'Tax Expenses - Surtaxes', 'n', null, '2600-004', null, null, null, '1', null, '2018-04-02 08:54:59', '2018-04-02 08:54:59', null, null), ('85e82877-3653-11e8-90d4-e92c88fcffa8', 'Service Fee', 'n', null, '2860-001', null, null, null, '1', null, '2018-04-02 08:54:59', '2018-04-02 08:54:59', null, null), ('85e82878-3653-11e8-90d4-e92c88fcffa8', 'Trade Debtors - JWT应收帐款', 'n', null, '8150-001', null, null, null, '1', null, '2018-04-02 08:54:59', '2018-04-02 08:54:59', null, null), ('85e82879-3653-11e8-90d4-e92c88fcffa8', 'Trade Debtors - MS应收帐款', 'n', null, '8150-002', null, null, null, '1', null, '2018-04-02 08:54:59', '2018-04-02 08:54:59', null, null), ('85e8287a-3653-11e8-90d4-e92c88fcffa8', 'Other Debtors其他应收款', 'n', null, '8150-003', null, null, null, '1', null, '2018-04-02 08:54:59', '2018-04-02 08:54:59', null, null), ('85e8287b-3653-11e8-90d4-e92c88fcffa8', 'JWT Intercompany Receivables公司内部应收', 'n', null, '8150-004', null, null, null, '1', null, '2018-04-02 08:54:59', '2018-04-02 08:54:59', null, null), ('85e8287c-3653-11e8-90d4-e92c88fcffa8', 'Fee  Debtor Accrual', 'n', null, '8150-005', null, null, null, '1', null, '2018-04-02 08:54:59', '2018-04-02 08:54:59', null, null), ('85e8287d-3653-11e8-90d4-e92c88fcffa8', 'Trade Debtors - MB', 'n', null, '8150-006', null, null, null, '1', null, '2018-04-02 08:54:59', '2018-04-02 08:54:59', null, null), ('85e8287e-3653-11e8-90d4-e92c88fcffa8', 'MS Intercompany Receivables公司内部应收', 'n', null, '8150-007', null, null, null, '1', null, '2018-04-02 08:54:59', '2018-04-02 08:54:59', null, null), ('85e87670-3653-11e8-90d4-e92c88fcffa8', 'Production Debtors-Direct cost', 'n', null, '8150-008', null, null, null, '1', null, '2018-04-02 08:54:59', '2018-04-02 08:54:59', null, null), ('85e87671-3653-11e8-90d4-e92c88fcffa8', 'C&W Intercompany Receivables公司内部应收', 'n', null, '8150-009', null, null, null, '1', null, '2018-04-02 08:54:59', '2018-04-02 08:54:59', null, null), ('85e87672-3653-11e8-90d4-e92c88fcffa8', 'Other Debtors-Travel其他应收款', 'n', null, '8150-010', null, null, null, '1', null, '2018-04-02 08:54:59', '2018-04-02 08:54:59', null, null), ('85e87673-3653-11e8-90d4-e92c88fcffa8', 'Other Debtors-Other Expense其他应收款', 'n', null, '8150-011', null, null, null, '1', null, '2018-04-02 08:54:59', '2018-04-02 08:54:59', null, null), ('85e87674-3653-11e8-90d4-e92c88fcffa8', 'Provision for Doubtful Debts坏帐准备', 'n', null, '8151-001', null, null, null, '1', null, '2018-04-02 08:54:59', '2018-04-02 08:54:59', null, null), ('85e87675-3653-11e8-90d4-e92c88fcffa8', 'Work in Progress - External自制半成品', 'n', null, '8200-001', null, null, null, '1', null, '2018-04-02 08:54:59', '2018-04-02 08:54:59', null, null), ('85e87676-3653-11e8-90d4-e92c88fcffa8', 'Work in Progress - Internal自制半成品', 'n', null, '8200-002', null, null, null, '1', null, '2018-04-02 08:54:59', '2018-04-02 08:54:59', null, null), ('85e87677-3653-11e8-90d4-e92c88fcffa8', 'Work in Progress - Internal Offset半成品', 'n', null, '8200-003', null, null, null, '1', null, '2018-04-02 08:54:59', '2018-04-02 08:54:59', null, null), ('85e87678-3653-11e8-90d4-e92c88fcffa8', 'Work in Progress - Overhead', 'n', null, '8200-004', null, null, null, '1', null, '2018-04-02 08:54:59', '2018-04-02 08:54:59', null, null), ('85e87679-3653-11e8-90d4-e92c88fcffa8', 'Work in Progress-Estimate Billing半成品', 'n', null, '8200-005', null, null, null, '1', null, '2018-04-02 08:54:59', '2018-04-02 08:54:59', null, null), ('85e8767a-3653-11e8-90d4-e92c88fcffa8', 'Work in Progress - Manual', 'n', null, '8200-006', null, null, null, '1', null, '2018-04-02 08:54:59', '2018-04-02 08:54:59', null, null), ('85e8767b-3653-11e8-90d4-e92c88fcffa8', 'Work in Progress - Non Job', 'n', null, '8200-007', null, null, null, '1', null, '2018-04-02 08:54:59', '2018-04-02 08:54:59', null, null), ('85e8767c-3653-11e8-90d4-e92c88fcffa8', 'WIP - Image Factory & Rave', 'n', null, '8200-101', null, null, null, '1', null, '2018-04-02 08:54:59', '2018-04-02 08:54:59', null, null), ('85e8767d-3653-11e8-90d4-e92c88fcffa8', 'WIP - Rave自制半成品', 'n', null, '8200-102', null, null, null, '1', null, '2018-04-02 08:54:59', '2018-04-02 08:54:59', null, null), ('85e8767e-3653-11e8-90d4-e92c88fcffa8', 'Provision for Unchargeable Prod\'n Costs', 'n', null, '8201-001', null, null, null, '1', null, '2018-04-02 08:54:59', '2018-04-02 08:54:59', null, null), ('85e8767f-3653-11e8-90d4-e92c88fcffa8', 'Cash Advance -备用金', 'n', null, '8300-001', null, null, null, '1', null, '2018-04-02 08:54:59', '2018-04-02 08:54:59', null, null), ('85e87680-3653-11e8-90d4-e92c88fcffa8', 'Cash Advance - DPS/DIC', 'n', null, '8300-002', null, null, null, '1', null, '2018-04-02 08:54:59', '2018-04-02 08:54:59', null, null), ('85e87681-3653-11e8-90d4-e92c88fcffa8', 'Cash Advance - MB', 'n', null, '8300-003', null, null, null, '1', null, '2018-04-02 08:54:59', '2018-04-02 08:54:59', null, null), ('85e87682-3653-11e8-90d4-e92c88fcffa8', 'Cash Advance - IF', 'n', null, '8300-004', null, null, null, '1', null, '2018-04-02 08:54:59', '2018-04-02 08:54:59', null, null), ('85e87683-3653-11e8-90d4-e92c88fcffa8', 'Refundable Deposit押金', 'n', null, '8310-001', null, null, null, '1', null, '2018-04-02 08:54:59', '2018-04-02 08:54:59', null, null), ('85e87684-3653-11e8-90d4-e92c88fcffa8', 'Revenue accrual - MS预估收入', 'n', null, '8315-001', null, null, null, '1', null, '2018-04-02 08:54:59', '2018-04-02 08:54:59', null, null), ('85e87685-3653-11e8-90d4-e92c88fcffa8', 'Inter Office Receivable - BJ', 'n', null, '8315-002', null, null, null, '1', null, '2018-04-02 08:54:59', '2018-04-02 08:54:59', null, null), ('85e87686-3653-11e8-90d4-e92c88fcffa8', 'Inter Office Receivable -GZ', 'n', null, '8315-003', null, null, null, '1', null, '2018-04-02 08:54:59', '2018-04-02 08:54:59', null, null), ('85e87687-3653-11e8-90d4-e92c88fcffa8', 'Prepayment to Media Vendor预付帐款', 'n', null, '8315-004', null, null, null, '1', null, '2018-04-02 08:54:59', '2018-04-02 08:54:59', null, null), ('85e87688-3653-11e8-90d4-e92c88fcffa8', 'Prepayment to Production Suppliers', 'n', null, '8315-005', null, null, null, '1', null, '2018-04-02 08:54:59', '2018-04-02 08:54:59', null, null), ('85e87689-3653-11e8-90d4-e92c88fcffa8', 'Prepayment to Other Suppliers预付帐款', 'n', null, '8315-006', null, null, null, '1', null, '2018-04-02 08:54:59', '2018-04-02 08:54:59', null, null), ('85e8768a-3653-11e8-90d4-e92c88fcffa8', 'Prepaid Media', 'n', null, '8315-007', null, null, null, '1', null, '2018-04-02 08:54:59', '2018-04-02 08:54:59', null, null), ('85e8768b-3653-11e8-90d4-e92c88fcffa8', 'Prepayment for Mindworks', 'n', null, '8315-008', null, null, null, '1', null, '2018-04-02 08:54:59', '2018-04-02 08:54:59', null, null), ('85e8768c-3653-11e8-90d4-e92c88fcffa8', 'Media prepayment for MF', 'n', null, '8315-009', null, null, null, '1', null, '2018-04-02 08:54:59', '2018-04-02 08:54:59', null, null), ('85e8768d-3653-11e8-90d4-e92c88fcffa8', 'Rebate MS Suspense Account', 'n', null, '8315-011', null, null, null, '1', null, '2018-04-02 08:54:59', '2018-04-02 08:54:59', null, null), ('85e8768e-3653-11e8-90d4-e92c88fcffa8', 'Other Receivable - MB', 'n', null, '8350-001', null, null, null, '1', null, '2018-04-02 08:54:59', '2018-04-02 08:54:59', null, null), ('85e8768f-3653-11e8-90d4-e92c88fcffa8', 'OtherReceivable-IntercomSuspense其他应收', 'n', null, '8350-003', null, null, null, '1', null, '2018-04-02 08:54:59', '2018-04-02 08:54:59', null, null), ('85e87690-3653-11e8-90d4-e92c88fcffa8', 'Interest Receivable (Non-Group Only)', 'n', null, '8360-001', null, null, null, '1', null, '2018-04-02 08:54:59', '2018-04-02 08:54:59', null, null), ('85e87691-3653-11e8-90d4-e92c88fcffa8', 'Pension Prepayment', 'n', null, '8370-001', null, null, null, '1', null, '2018-04-02 08:54:59', '2018-04-02 08:54:59', null, null), ('85e87692-3653-11e8-90d4-e92c88fcffa8', 'Other Current Assets', 'n', null, '8399-001', null, null, null, '1', null, '2018-04-02 08:54:59', '2018-04-02 08:54:59', null, null), ('85e87693-3653-11e8-90d4-e92c88fcffa8', 'Debeers - DIC/DPS Direct Charges', 'n', null, '8399-002', null, null, null, '1', null, '2018-04-02 08:54:59', '2018-04-02 08:54:59', null, null), ('85e87694-3653-11e8-90d4-e92c88fcffa8', 'Fee Debtors Accrual - JWT预估收入', 'n', null, '8399-003', null, null, null, '1', null, '2018-04-02 08:54:59', '2018-04-02 08:54:59', null, null), ('85e87695-3653-11e8-90d4-e92c88fcffa8', 'Prepaid Expense待摊费用', 'n', null, '8399-004', null, null, null, '1', null, '2018-04-02 08:54:59', '2018-04-02 08:54:59', null, null), ('85e87696-3653-11e8-90d4-e92c88fcffa8', 'Midland Bank Trust Fund', 'n', null, '8400-001', null, null, null, '1', null, '2018-04-02 08:54:59', '2018-04-02 08:54:59', null, null), ('85e87697-3653-11e8-90d4-e92c88fcffa8', 'Pre-Operating Expense', 'n', null, '8500-001', null, null, null, '1', null, '2018-04-02 08:54:59', '2018-04-02 08:54:59', null, null), ('85e87698-3653-11e8-90d4-e92c88fcffa8', 'Pre-Operating Expense- Amortization', 'n', null, '8500-011', null, null, null, '1', null, '2018-04-02 08:54:59', '2018-04-02 08:54:59', null, null), ('85e87699-3653-11e8-90d4-e92c88fcffa8', 'Investment in Subsidies', 'n', null, '8550-001', null, null, null, '1', null, '2018-04-02 08:54:59', '2018-04-02 08:54:59', null, null), ('85e8769a-3653-11e8-90d4-e92c88fcffa8', 'Furniture & Fixtures固定资产', 'n', null, '8600-001', null, null, null, '1', null, '2018-04-02 08:54:59', '2018-04-02 08:54:59', null, null), ('85e89d80-3653-11e8-90d4-e92c88fcffa8', 'Computer Equipment固定资产', 'n', null, '8600-010', null, null, null, '1', null, '2018-04-02 08:54:59', '2018-04-02 08:54:59', null, null), ('85e89d81-3653-11e8-90d4-e92c88fcffa8', 'Other Office Equipment固定资产', 'n', null, '8600-0111', null, null, null, '1', null, '2018-04-02 08:54:59', '2018-04-02 08:54:59', null, null), ('85e89d82-3653-11e8-90d4-e92c88fcffa8', 'Motor Car', 'n', null, '8600-020', null, null, null, '1', null, '2018-04-02 08:54:59', '2018-04-02 08:54:59', null, null), ('85e89d83-3653-11e8-90d4-e92c88fcffa8', 'Leasehold Improvement - A长期待摊费用', 'n', null, '8600-025', null, null, null, '1', null, '2018-04-02 08:54:59', '2018-04-02 08:54:59', null, null), ('85e89d84-3653-11e8-90d4-e92c88fcffa8', 'Leasehold Improvement - B', 'n', null, '8600-026', null, null, null, '1', null, '2018-04-02 08:54:59', '2018-04-02 08:54:59', null, null), ('85e89d85-3653-11e8-90d4-e92c88fcffa8', 'Leasehold Improvement 长期待摊费用', 'n', null, '8600-027', null, null, null, '1', null, '2018-04-02 08:54:59', '2018-04-02 08:54:59', null, null), ('85e89d86-3653-11e8-90d4-e92c88fcffa8', 'Leasehold Improvement - IF', 'n', null, '8600-028', null, null, null, '1', null, '2018-04-02 08:54:59', '2018-04-02 08:54:59', null, null), ('85e89d87-3653-11e8-90d4-e92c88fcffa8', 'Depreciation Furniture&Fixtures累计折旧', 'n', null, '8601-001', null, null, null, '1', null, '2018-04-02 08:54:59', '2018-04-02 08:54:59', null, null), ('85e89d88-3653-11e8-90d4-e92c88fcffa8', 'Depreciation - ComputerEquipment累计折旧', 'n', null, '8601-011', null, null, null, '1', null, '2018-04-02 08:54:59', '2018-04-02 08:54:59', null, null), ('85e89d89-3653-11e8-90d4-e92c88fcffa8', 'Depreciation-OtherOfficeEquipment累计折', 'n', null, '8601-0111', null, null, null, '1', null, '2018-04-02 08:54:59', '2018-04-02 08:54:59', null, null), ('85e89d8a-3653-11e8-90d4-e92c88fcffa8', 'Depreciation - Car', 'n', null, '8601-020', null, null, null, '1', null, '2018-04-02 08:54:59', '2018-04-02 08:54:59', null, null), ('85e89d8b-3653-11e8-90d4-e92c88fcffa8', 'Amort\'n L/H Improvement - A长期待摊费用', 'n', null, '8601-025', null, null, null, '1', null, '2018-04-02 08:54:59', '2018-04-02 08:54:59', null, null), ('85e8c490-3653-11e8-90d4-e92c88fcffa8', 'Amort\'n - L/H Improvement - B', 'n', null, '8601-026', null, null, null, '1', null, '2018-04-02 08:54:59', '2018-04-02 08:54:59', null, null), ('85e8c491-3653-11e8-90d4-e92c88fcffa8', 'Leasehold Improvement Amotization - GZ ', 'n', null, '8601-027', null, null, null, '1', null, '2018-04-02 08:54:59', '2018-04-02 08:54:59', null, null), ('85e8c492-3653-11e8-90d4-e92c88fcffa8', 'Leasehold Improvement Amortization -IF', 'n', null, '8601-028', null, null, null, '1', null, '2018-04-02 08:54:59', '2018-04-02 08:54:59', null, null), ('85e8c493-3653-11e8-90d4-e92c88fcffa8', 'Bank Overdraft', 'n', null, '9100-001', null, null, null, '1', null, '2018-04-02 08:54:59', '2018-04-02 08:54:59', null, null), ('85e8c494-3653-11e8-90d4-e92c88fcffa8', 'Production Creditors应付帐款', 'n', null, '9150-001', null, null, null, '1', null, '2018-04-02 08:54:59', '2018-04-02 08:54:59', null, null), ('85e8c495-3653-11e8-90d4-e92c88fcffa8', 'Media Creditors应付帐款', 'n', null, '9150-002', null, null, null, '1', null, '2018-04-02 08:54:59', '2018-04-02 08:54:59', null, null), ('85e8c496-3653-11e8-90d4-e92c88fcffa8', 'Other Creditors其他应付款', 'n', null, '9150-003', null, null, null, '1', null, '2018-04-02 08:54:59', '2018-04-02 08:54:59', null, null), ('85e8c497-3653-11e8-90d4-e92c88fcffa8', 'JWT Intercompany Payables公司内部应付款', 'n', null, '9150-004', null, null, null, '1', null, '2018-04-02 08:54:59', '2018-04-02 08:54:59', null, null), ('85e8c498-3653-11e8-90d4-e92c88fcffa8', 'Other MillwardBrown Payable', 'n', null, '9150-005', null, null, null, '1', null, '2018-04-02 08:54:59', '2018-04-02 08:54:59', null, null), ('85e8c499-3653-11e8-90d4-e92c88fcffa8', 'Trade Creditors - MB', 'n', null, '9150-006', null, null, null, '1', null, '2018-04-02 08:54:59', '2018-04-02 08:54:59', null, null), ('85e8c49a-3653-11e8-90d4-e92c88fcffa8', 'Agency rebate to MS代理折扣', 'n', null, '9150-007', null, null, null, '1', null, '2018-04-02 08:54:59', '2018-04-02 08:54:59', null, null), ('85e8c49b-3653-11e8-90d4-e92c88fcffa8', 'MS Intercompany Payables公司内部应付款', 'n', null, '9150-008', null, null, null, '1', null, '2018-04-02 08:54:59', '2018-04-02 08:54:59', null, null), ('85e8c49c-3653-11e8-90d4-e92c88fcffa8', 'C&W Intercompany Payables公司内部应付款', 'n', null, '9150-009', null, null, null, '1', null, '2018-04-02 08:54:59', '2018-04-02 08:54:59', null, null), ('85e8c49d-3653-11e8-90d4-e92c88fcffa8', 'Other Creditors for Mindshare', 'n', null, '9150-013', null, null, null, '1', null, '2018-04-02 08:54:59', '2018-04-02 08:54:59', null, null), ('85e8c49e-3653-11e8-90d4-e92c88fcffa8', 'Other Trade Creditors Accruals', 'n', null, '9151-001', null, null, null, '1', null, '2018-04-02 08:54:59', '2018-04-02 08:54:59', null, null), ('85e8c49f-3653-11e8-90d4-e92c88fcffa8', 'Media Accrual媒体预提', 'n', null, '9155-001', null, null, null, '1', null, '2018-04-02 08:54:59', '2018-04-02 08:54:59', null, null), ('85e8c4a0-3653-11e8-90d4-e92c88fcffa8', 'Media Accrual for MF媒体预提', 'n', null, '9155-002', null, null, null, '1', null, '2018-04-02 08:54:59', '2018-04-02 08:54:59', null, null), ('85e8c4a1-3653-11e8-90d4-e92c88fcffa8', 'Tax Payable - CT-4%应交税金', 'n', null, '9200-001', null, null, null, '1', null, '2018-04-02 08:54:59', '2018-04-02 08:54:59', null, null), ('85e8c4a2-3653-11e8-90d4-e92c88fcffa8', 'Tax Payable - BT-5%应交税金', 'n', null, '9200-002', null, null, null, '1', null, '2018-04-02 08:54:59', '2018-04-02 08:54:59', null, null), ('85e8c4a3-3653-11e8-90d4-e92c88fcffa8', 'Tax Payable - MT-5%*0.5%应交税金', 'n', null, '9200-003', null, null, null, '1', null, '2018-04-02 08:54:59', '2018-04-02 08:54:59', null, null), ('85e8c4a4-3653-11e8-90d4-e92c88fcffa8', 'Tax Payable 应交税金', 'n', null, '9200-004', null, null, null, '1', null, '2018-04-02 08:54:59', '2018-04-02 08:54:59', null, null), ('85e8c4a5-3653-11e8-90d4-e92c88fcffa8', 'Income Tax Payable', 'n', null, '9200-005', null, null, null, '1', null, '2018-04-02 08:54:59', '2018-04-02 08:54:59', null, null), ('85e8c4a6-3653-11e8-90d4-e92c88fcffa8', 'Tax Payable-VAT in 应交税金-应交增值税-进项税额', 'n', null, '9200-101', null, null, null, '1', null, '2018-04-02 08:54:59', '2018-04-02 08:54:59', null, null), ('85e8c4a7-3653-11e8-90d4-e92c88fcffa8', 'Tax Payable-VAT paid 应交税金-应交增值税-已交税金', 'n', null, '9200-102', null, null, null, '1', null, '2018-04-02 08:54:59', '2018-04-02 08:54:59', null, null), ('85e8c4a8-3653-11e8-90d4-e92c88fcffa8', 'Tax Payable-VAT Unpay 应交税金-应交增值税-转出未交增值税', 'n', null, '9200-103', null, null, null, '1', null, '2018-04-02 08:54:59', '2018-04-02 08:54:59', null, null), ('85e8c4a9-3653-11e8-90d4-e92c88fcffa8', 'Tax Payable-VAT out 应交税金-应交增值税-销项税额', 'n', null, '9200-104', null, null, null, '1', null, '2018-04-02 08:54:59', '2018-04-02 08:54:59', null, null), ('85e8c4aa-3653-11e8-90d4-e92c88fcffa8', 'Tax Payable-VAT in transout 应交增值税-进项税额转出', 'n', null, '9200-105', null, null, null, '1', null, '2018-04-02 08:54:59', '2018-04-02 08:54:59', null, null), ('85e8c4ab-3653-11e8-90d4-e92c88fcffa8', 'Tax Payable-VAT overpay 应交税金应交增值税转出多交增值税', 'n', null, '9200-106', null, null, null, '1', null, '2018-04-02 08:54:59', '2018-04-02 08:54:59', null, null), ('85e8c4ac-3653-11e8-90d4-e92c88fcffa8', 'Tax Payable-Unpay VAT 应交税金-未交增值税', 'n', null, '9200-107', null, null, null, '1', null, '2018-04-02 08:54:59', '2018-04-02 08:54:59', null, null), ('85e8c4ad-3653-11e8-90d4-e92c88fcffa8', 'AL Pension  Housing&Medical-JWT应付福利', 'n', null, '9300-001', null, null, null, '1', null, '2018-04-02 08:54:59', '2018-04-02 08:54:59', null, null), ('85e8c4ae-3653-11e8-90d4-e92c88fcffa8', 'OT Dinner', 'n', null, '9300-0012', null, null, null, '1', null, '2018-04-02 08:54:59', '2018-04-02 08:54:59', null, null), ('85e8c4af-3653-11e8-90d4-e92c88fcffa8', 'AL Pension  Housing&Medical-MS应付福利费', 'n', null, '9300-011', null, null, null, '1', null, '2018-04-02 08:54:59', '2018-04-02 08:54:59', null, null), ('85e8c4b0-3653-11e8-90d4-e92c88fcffa8', 'Accrual - Pension Housing & Madical IF', 'n', null, '9300-021', null, null, null, '1', null, '2018-04-02 08:54:59', '2018-04-02 08:54:59', null, null), ('85e8c4b1-3653-11e8-90d4-e92c88fcffa8', 'Welfare Fund - JWT GZ', 'n', null, '9300-031', null, null, null, '1', null, '2018-04-02 08:54:59', '2018-04-02 08:54:59', null, null), ('85e8c4b2-3653-11e8-90d4-e92c88fcffa8', 'OT Taxi 加班出租车', 'n', null, '9300-111', null, null, null, '1', null, '2018-04-02 08:54:59', '2018-04-02 08:54:59', null, null), ('85e8c4b3-3653-11e8-90d4-e92c88fcffa8', 'OT Dinner 加班餐费', 'n', null, '9300-112', null, null, null, '1', null, '2018-04-02 08:54:59', '2018-04-02 08:54:59', null, null), ('85e8c4b4-3653-11e8-90d4-e92c88fcffa8', 'Staff Medical', 'n', null, '9300-113', null, null, null, '1', null, '2018-04-02 08:54:59', '2018-04-02 08:54:59', null, null), ('85e8eba0-3653-11e8-90d4-e92c88fcffa8', 'Deferred Income - Costs递延收入', 'n', null, '9350-001', null, null, null, '1', null, '2018-04-02 08:54:59', '2018-04-02 08:54:59', null, null), ('85e8eba1-3653-11e8-90d4-e92c88fcffa8', 'Deferred Income - Revenue递延收入', 'n', null, '9350-002', null, null, null, '1', null, '2018-04-02 08:54:59', '2018-04-02 08:54:59', null, null), ('85e8eba2-3653-11e8-90d4-e92c88fcffa8', 'Deferred Income - Tax递延收入', 'n', null, '9350-003', null, null, null, '1', null, '2018-04-02 08:54:59', '2018-04-02 08:54:59', null, null), ('85e8eba3-3653-11e8-90d4-e92c88fcffa8', 'Deferred Income - MB', 'n', null, '9350-004', null, null, null, '1', null, '2018-04-02 08:54:59', '2018-04-02 08:54:59', null, null), ('85e8eba4-3653-11e8-90d4-e92c88fcffa8', 'Deferred Income-Prod-Tax Excl.递延收入', 'n', null, '9360-001', null, null, null, '1', null, '2018-04-02 08:54:59', '2018-04-02 08:54:59', null, null), ('85e8eba5-3653-11e8-90d4-e92c88fcffa8', 'Deferred Income -Production-Tax递延收入', 'n', null, '9360-002', null, null, null, '1', null, '2018-04-02 08:54:59', '2018-04-02 08:54:59', null, null), ('85e8eba6-3653-11e8-90d4-e92c88fcffa8', 'Advances from Clients预收货款', 'n', null, '9400-001', null, null, null, '1', null, '2018-04-02 08:54:59', '2018-04-02 08:54:59', null, null), ('85e8eba7-3653-11e8-90d4-e92c88fcffa8', 'VAT / Sales Taxes Payable', 'n', null, '9400-002', null, null, null, '1', null, '2018-04-02 08:54:59', '2018-04-02 08:54:59', null, null), ('85e8eba8-3653-11e8-90d4-e92c88fcffa8', 'Finance Leases & Hire Purchase经营租赁', 'n', null, '9400-003', null, null, null, '1', null, '2018-04-02 08:54:59', '2018-04-02 08:54:59', null, null), ('85e8eba9-3653-11e8-90d4-e92c88fcffa8', 'Interest Payable (Non Group Only)', 'n', null, '9400-004', null, null, null, '1', null, '2018-04-02 08:54:59', '2018-04-02 08:54:59', null, null), ('85e8ebaa-3653-11e8-90d4-e92c88fcffa8', 'Dividends payable (Non Group Only)', 'n', null, '9400-005', null, null, null, '1', null, '2018-04-02 08:54:59', '2018-04-02 08:54:59', null, null), ('85e8ebab-3653-11e8-90d4-e92c88fcffa8', 'Capital Expenditure', 'n', null, '9400-006', null, null, null, '1', null, '2018-04-02 08:54:59', '2018-04-02 08:54:59', null, null), ('85e8ebac-3653-11e8-90d4-e92c88fcffa8', 'Salary accrual - JWT应付工资', 'n', null, '9400-007', null, null, null, '1', null, '2018-04-02 08:54:59', '2018-04-02 08:54:59', null, null), ('85e8ebad-3653-11e8-90d4-e92c88fcffa8', 'Holiday Pay应付工资', 'n', null, '9400-008', null, null, null, '1', null, '2018-04-02 08:54:59', '2018-04-02 08:54:59', null, null), ('85e8ebae-3653-11e8-90d4-e92c88fcffa8', 'Rents & Rates', 'n', null, '9400-009', null, null, null, '1', null, '2018-04-02 08:54:59', '2018-04-02 08:54:59', null, null), ('85e8ebaf-3653-11e8-90d4-e92c88fcffa8', 'Legal & Professional', 'n', null, '9400-010', null, null, null, '1', null, '2018-04-02 08:54:59', '2018-04-02 08:54:59', null, null), ('85e8ebb0-3653-11e8-90d4-e92c88fcffa8', 'Audit & Tax Filing Fees', 'n', null, '9400-011', null, null, null, '1', null, '2018-04-02 08:54:59', '2018-04-02 08:54:59', null, null), ('85e8ebb1-3653-11e8-90d4-e92c88fcffa8', 'Outstanding Pension Contributions', 'n', null, '9400-012', null, null, null, '1', null, '2018-04-02 08:54:59', '2018-04-02 08:54:59', null, null), ('85e8ebb2-3653-11e8-90d4-e92c88fcffa8', 'Media Provision', 'n', null, '9400-013', null, null, null, '1', null, '2018-04-02 08:54:59', '2018-04-02 08:54:59', null, null), ('85e8ebb3-3653-11e8-90d4-e92c88fcffa8', 'Salary Accrual - MS应付工资', 'n', null, '9400-017', null, null, null, '1', null, '2018-04-02 08:54:59', '2018-04-02 08:54:59', null, null), ('85e8ebb4-3653-11e8-90d4-e92c88fcffa8', 'Salary Accruals - C&W', 'n', null, '9400-018', null, null, null, '1', null, '2018-04-02 08:54:59', '2018-04-02 08:54:59', null, null), ('85e8ebb5-3653-11e8-90d4-e92c88fcffa8', 'Other Accruals - JWT预提费用', 'n', null, '9400-020', null, null, null, '1', null, '2018-04-02 08:54:59', '2018-04-02 08:54:59', null, null), ('85e8ebb6-3653-11e8-90d4-e92c88fcffa8', 'Other Accruals - MS预提费用', 'n', null, '9400-021', null, null, null, '1', null, '2018-04-02 08:54:59', '2018-04-02 08:54:59', null, null), ('85e8ebb7-3653-11e8-90d4-e92c88fcffa8', 'Other Accrual for IF', 'n', null, '9400-022', null, null, null, '1', null, '2018-04-02 08:54:59', '2018-04-02 08:54:59', null, null), ('85e8ebb8-3653-11e8-90d4-e92c88fcffa8', 'Accrual for Intercom time of staff JWT', 'n', null, '9400-027', null, null, null, '1', null, '2018-04-02 08:54:59', '2018-04-02 08:54:59', null, null), ('85e8ebb9-3653-11e8-90d4-e92c88fcffa8', 'Salary accrual for IF', 'n', null, '9400-037', null, null, null, '1', null, '2018-04-02 08:54:59', '2018-04-02 08:54:59', null, null), ('85e8ebba-3653-11e8-90d4-e92c88fcffa8', 'Other Payables其他应付款', 'n', null, '9400-040', null, null, null, '1', null, '2018-04-02 08:54:59', '2018-04-02 08:54:59', null, null), ('85e8ebbb-3653-11e8-90d4-e92c88fcffa8', 'Employee Payable其他应付款-员工报销', 'n', null, '9400-050', null, null, null, '1', null, '2018-04-02 08:54:59', '2018-04-02 08:54:59', null, null), ('85e8ebbc-3653-11e8-90d4-e92c88fcffa8', 'Other Creditors for MPLB Adjustment', 'n', null, '9400-111', null, null, null, '1', null, '2018-04-02 08:54:59', '2018-04-02 08:54:59', null, null), ('85e8ebbd-3653-11e8-90d4-e92c88fcffa8', 'Accrual intercom. Staff MS', 'n', null, '9400-127', null, null, null, '1', null, '2018-04-02 08:54:59', '2018-04-02 08:54:59', null, null), ('85e8ebbe-3653-11e8-90d4-e92c88fcffa8', 'Other Accrual Non Media Rebates HG', 'n', null, '9400-201', null, null, null, '1', null, '2018-04-02 08:54:59', '2018-04-02 08:54:59', null, null), ('85e912b0-3653-11e8-90d4-e92c88fcffa8', 'Short Term Loans ', 'n', null, '9500-001', null, null, null, '1', null, '2018-04-02 08:54:59', '2018-04-02 08:54:59', null, null), ('85e912b1-3653-11e8-90d4-e92c88fcffa8', 'Long Term payable', 'n', null, '9500-002', null, null, null, '1', null, '2018-04-02 08:54:59', '2018-04-02 08:54:59', null, null), ('85e912b2-3653-11e8-90d4-e92c88fcffa8', 'JWT - Hong Kong', 'n', null, '9555-001', null, null, null, '1', null, '2018-04-02 08:54:59', '2018-04-02 08:54:59', null, null), ('85e912b3-3653-11e8-90d4-e92c88fcffa8', 'JWT - Asia Pacific', 'n', null, '9555-050', null, null, null, '1', null, '2018-04-02 08:54:59', '2018-04-02 08:54:59', null, null), ('85e912b4-3653-11e8-90d4-e92c88fcffa8', 'Tax Payable - Long Term', 'n', null, '9560-001', null, null, null, '1', null, '2018-04-02 08:54:59', '2018-04-02 08:54:59', null, null), ('85e912b5-3653-11e8-90d4-e92c88fcffa8', 'Deferred Tax', 'n', null, '9590-001', null, null, null, '1', null, '2018-04-02 08:54:59', '2018-04-02 08:54:59', null, null), ('85e912b6-3653-11e8-90d4-e92c88fcffa8', 'Other Deferred Liabilities', 'n', null, '9620-001', null, null, null, '1', null, '2018-04-02 08:54:59', '2018-04-02 08:54:59', null, null), ('85e912b7-3653-11e8-90d4-e92c88fcffa8', 'Share Capital实收资本', 'n', null, '9700-001', null, null, null, '1', null, '2018-04-02 08:54:59', '2018-04-02 08:54:59', null, null), ('85e912b8-3653-11e8-90d4-e92c88fcffa8', 'Capital Reserve准备金', 'n', null, '9700-002', null, null, null, '1', null, '2018-04-02 08:54:59', '2018-04-02 08:54:59', null, null), ('85e912b9-3653-11e8-90d4-e92c88fcffa8', 'Retained Earnings - B/F未分配利润', 'n', null, '9800-001', null, null, null, '1', null, '2018-04-02 08:54:59', '2018-04-02 08:54:59', null, null), ('85e912ba-3653-11e8-90d4-e92c88fcffa8', 'Dividend and EIT股利分配及所得税', 'n', null, '9800-010', null, null, null, '1', null, '2018-04-02 08:54:59', '2018-04-02 08:54:59', null, null), ('85e912bb-3653-11e8-90d4-e92c88fcffa8', 'Prior Year Adjustment以前年度损益调整', 'n', null, '9800-011', null, null, null, '1', null, '2018-04-02 08:54:59', '2018-04-02 08:54:59', null, null), ('85e912bc-3653-11e8-90d4-e92c88fcffa8', 'Reserve Fund准备金', 'n', null, '9810-001', null, null, null, '1', null, '2018-04-02 08:54:59', '2018-04-02 08:54:59', null, null), ('85e912bd-3653-11e8-90d4-e92c88fcffa8', 'Minority Interest', 'n', null, '9900-001', null, null, null, '1', null, '2018-04-02 08:54:59', '2018-04-02 08:54:59', null, null), ('85e912be-3653-11e8-90d4-e92c88fcffa8', 'Opening Balance Clearing Account', 'n', null, '9999-000', null, null, null, '1', null, '2018-04-02 08:54:59', '2018-04-02 08:54:59', null, null), ('85e912bf-3653-11e8-90d4-e92c88fcffa8', 'Suspense过渡账户', 'n', null, '9999-001', null, null, null, '1', null, '2018-04-02 08:54:59', '2018-04-02 08:54:59', null, null), ('85e912c0-3653-11e8-90d4-e92c88fcffa8', 'Suspense Account for Adjustment过渡账户', 'n', null, '9999-002', null, null, null, '1', null, '2018-04-02 08:54:59', '2018-04-02 08:54:59', null, null), ('85e912c1-3653-11e8-90d4-e92c88fcffa8', 'UST Debtors', 'n', null, '9999-003', null, null, null, '1', null, '2018-04-02 08:54:59', '2018-04-02 08:54:59', null, null), ('85e912c2-3653-11e8-90d4-e92c88fcffa8', 'HF Debtors', 'n', null, '9999-004', null, null, null, '1', null, '2018-04-02 08:54:59', '2018-04-02 08:54:59', null, null), ('85e912c3-3653-11e8-90d4-e92c88fcffa8', 'Suspense - Media Financials', 'n', null, '9999-005', null, null, null, '1', null, '2018-04-02 08:54:59', '2018-04-02 08:54:59', null, null), ('85e912c4-3653-11e8-90d4-e92c88fcffa8', 'OtherDebtors-Ford Regional内部应收', 'n', null, '9999-007', null, null, null, '1', null, '2018-04-02 08:54:59', '2018-04-02 08:54:59', null, null), ('85e912c5-3653-11e8-90d4-e92c88fcffa8', 'Other Debtors - DPS/DIC其他应收款', 'n', null, '9999-008', null, null, null, '1', null, '2018-04-02 08:54:59', '2018-04-02 08:54:59', null, null), ('85e912c6-3653-11e8-90d4-e92c88fcffa8', 'WPP Adjustment', 'n', null, '9999-009', null, null, null, '1', null, '2018-04-02 08:54:59', '2018-04-02 08:54:59', null, null), ('85e912c7-3653-11e8-90d4-e92c88fcffa8', 'Suspense for RMB 过渡账户', 'n', null, '9999-101', null, null, null, '1', null, '2018-04-02 08:54:59', '2018-04-02 08:54:59', null, null), ('85e912c8-3653-11e8-90d4-e92c88fcffa8', 'Suspense for USD', 'n', null, '9999-102', null, null, null, '1', null, '2018-04-02 08:54:59', '2018-04-02 08:54:59', null, null), ('85e912c9-3653-11e8-90d4-e92c88fcffa8', 'Suspense for HKD', 'n', null, '9999-103', null, null, null, '1', null, '2018-04-02 08:54:59', '2018-04-02 08:54:59', null, null), ('85e912ca-3653-11e8-90d4-e92c88fcffa8', 'Credit Control Suspense Account', 'n', null, '9999-111', null, null, null, '1', null, '2018-04-02 08:54:59', '2018-04-02 08:54:59', null, null);
COMMIT;

-- ----------------------------
--  Table structure for `vendor`
-- ----------------------------
DROP TABLE IF EXISTS `vendor`;
CREATE TABLE `vendor` (
  `id` char(36) COLLATE utf8_bin NOT NULL,
  `name` varchar(255) COLLATE utf8_bin NOT NULL,
  `contacter` varchar(255) COLLATE utf8_bin DEFAULT NULL,
  `telphone` varchar(255) COLLATE utf8_bin DEFAULT NULL,
  `vendorType` enum('user','company') COLLATE utf8_bin DEFAULT 'company',
  `code` varchar(255) COLLATE utf8_bin DEFAULT NULL,
  `status` int(11) DEFAULT '1',
  `remark` varchar(255) COLLATE utf8_bin DEFAULT NULL,
  `createdAt` datetime NOT NULL,
  `updatedAt` datetime NOT NULL,
  `createdUsr` varchar(255) COLLATE utf8_bin DEFAULT NULL,
  `updatedUsr` varchar(255) COLLATE utf8_bin DEFAULT NULL,
  PRIMARY KEY (`id`),
  UNIQUE KEY `name` (`name`),
  UNIQUE KEY `vendor_name_unique` (`name`),
  KEY `createdUsr` (`createdUsr`),
  KEY `updatedUsr` (`updatedUsr`),
  KEY `vendor_name` (`name`) USING BTREE,
  KEY `vendor_vendor_type` (`vendorType`) USING BTREE,
  KEY `vendor_code` (`code`) USING BTREE,
  KEY `vendor_status` (`status`) USING BTREE,
  CONSTRAINT `vendor_ibfk_1` FOREIGN KEY (`createdUsr`) REFERENCES `account` (`id`) ON DELETE SET NULL ON UPDATE CASCADE,
  CONSTRAINT `vendor_ibfk_2` FOREIGN KEY (`updatedUsr`) REFERENCES `account` (`id`) ON DELETE SET NULL ON UPDATE CASCADE
) ENGINE=InnoDB DEFAULT CHARSET=utf8 COLLATE=utf8_bin;

-- ----------------------------
--  Records of `vendor`
-- ----------------------------
BEGIN;
INSERT INTO `vendor` VALUES ('123a73a0-06da-11e7-b23d-513f39f5849c', '个人供应商1', '个1', '021-31213345', 'user', 'code3', '0', null, '2018-04-02 08:54:59', '2018-04-02 08:54:59', null, null), ('248a4c90-06da-11e7-b23d-513f39f5849c', '上海出租车', '强哥', '021-31313445', 'company', 'code1', '0', null, '2018-04-02 08:54:59', '2018-04-02 08:57:37', null, null), ('248a73a0-06da-11e7-b23d-513f39f5849c', '上海餐饮', '华哥', '021-31313445', 'company', 'code2', '0', null, '2018-04-02 08:54:59', '2018-04-02 08:57:37', null, null), ('56cce290-3658-11e8-afc4-df84eeb7c878', '123', null, null, 'user', null, '1', null, '2018-04-02 09:29:27', '2018-04-02 09:29:27', null, null);
COMMIT;

-- ----------------------------
--  Table structure for `vendordetail`
-- ----------------------------
DROP TABLE IF EXISTS `vendordetail`;
CREATE TABLE `vendordetail` (
  `id` char(36) COLLATE utf8_bin NOT NULL,
  `bankNum` varchar(255) COLLATE utf8_bin NOT NULL,
  `bankName` varchar(255) COLLATE utf8_bin NOT NULL,
  `payDate` datetime DEFAULT NULL,
  `vendorAddress` varchar(255) COLLATE utf8_bin DEFAULT NULL,
  `country` varchar(255) COLLATE utf8_bin DEFAULT NULL,
  `bankAddress` varchar(255) COLLATE utf8_bin DEFAULT NULL,
  `bankCodeType` enum('SWIFT BIC','Australia-BSB Cod','Canada- Routing Nu','China-CNAPS','Germany-Bankleitz','Hong Kong-Bank C','Singapore-Bank Co','United Kingdom-Sort Code','United States-Fedwi','United States-CHIPS') COLLATE utf8_bin DEFAULT NULL,
  `bankCode` varchar(255) COLLATE utf8_bin DEFAULT NULL,
  `status` int(11) DEFAULT '1',
  `createdAt` datetime NOT NULL,
  `updatedAt` datetime NOT NULL,
  `vendorId` char(36) COLLATE utf8_bin NOT NULL,
  `createdUsr` varchar(255) COLLATE utf8_bin DEFAULT NULL,
  `updatedUsr` varchar(255) COLLATE utf8_bin DEFAULT NULL,
  PRIMARY KEY (`id`),
  KEY `vendorId` (`vendorId`),
  KEY `createdUsr` (`createdUsr`),
  KEY `updatedUsr` (`updatedUsr`),
  KEY `vendordetail_pay_date` (`payDate`) USING BTREE,
  KEY `vendordetail_status` (`status`) USING BTREE,
  CONSTRAINT `vendordetail_ibfk_1` FOREIGN KEY (`vendorId`) REFERENCES `vendor` (`id`) ON DELETE NO ACTION ON UPDATE CASCADE,
  CONSTRAINT `vendordetail_ibfk_2` FOREIGN KEY (`createdUsr`) REFERENCES `account` (`id`) ON DELETE SET NULL ON UPDATE CASCADE,
  CONSTRAINT `vendordetail_ibfk_3` FOREIGN KEY (`updatedUsr`) REFERENCES `account` (`id`) ON DELETE SET NULL ON UPDATE CASCADE
) ENGINE=InnoDB DEFAULT CHARSET=utf8 COLLATE=utf8_bin;

-- ----------------------------
--  Records of `vendordetail`
-- ----------------------------
BEGIN;
INSERT INTO `vendordetail` VALUES ('56d67f80-3658-11e8-afc4-df84eeb7c878', '1111', '12111', null, null, null, null, null, null, '1', '2018-04-02 09:29:27', '2018-04-02 09:29:27', '56cce290-3658-11e8-afc4-df84eeb7c878', null, null), ('69b6a690-0eca-11e7-8881-5f624753c8ec', '111111111111111111', '上海银行', '2018-04-02 08:58:07', null, null, null, null, null, '1', '2018-04-02 08:54:59', '2018-04-02 08:58:07', '248a4c90-06da-11e7-b23d-513f39f5849c', null, null), ('69b769e0-0eca-11e7-8881-5f624753c8ec', '222222222222222222', '中国银行', '2018-04-02 08:58:07', null, null, null, null, null, '1', '2018-04-02 08:54:59', '2018-04-02 08:58:07', '248a73a0-06da-11e7-b23d-513f39f5849c', null, null), ('789769e0-0eca-11e7-8881-5f624753c8ec', '333333333333333333', '工商银行', null, null, null, null, null, null, '1', '2018-04-02 08:54:59', '2018-04-02 08:54:59', '123a73a0-06da-11e7-b23d-513f39f5849c', null, null);
COMMIT;

SET FOREIGN_KEY_CHECKS = 1;
